business_name,address,phone_number,email,city,state,zip_code_postcode,website,ticker_symbol,kindex_score,doordash_url,ubereats_url,grubhub_url,business_location,latitude,longitude,category,description,owner_name,is_black_owned,is_verified,is_claimed,claimed_by_user_id,loi_signed,loi_date,is_premium,subscription_tier,tier_level,kindex_velocity,review_score,review_count,total_sentiment_score,interaction_count,established_year,is_veteran,is_ecommerce,is_farmer,is_wholesale,is_retail,is_delivery_eligible,has_flash_beacon,is_priority_pinned,is_ar_enabled,arc_asset_url,hero_image,instagram_url,facebook_url,tiktok_url,linkedin_url,marketing_tier,marketing_generations_used,scheduled_promo_date,monthly_promo_count,monthly_promo_reset_date,connection_count,opening_time,closing_time,photo_gallery
24 Hour Fitness,"12553 Westheimer Rd, Houston, TX 77077",2814931874,,Houston,Texas,77077,https://www.24hourfitness.com/gyms/houston-tx/dairy-ashford-sport?Adb_id=GGL_LOC_ACQ_CDP,24HOU,500,,,,"29.7341821, -95.6045559",,,,,,TRUE,FALSE,FALSE,,,,,,,,,,,,,,,,,,,,,,,,,,,,,,,,,,,,
A Vibe Called Hair - Houston Walk in Hair Salon offering Extensions & Silk Press,"5202 Cedar St, Bellaire, TX 77401",8324879854,,Bellaire,Texas,77401,https://booking.mangomint.com/avibecalledhair1,AVIBE,500,,,,"29.707214, -95.4706950",,,,,,TRUE,FALSE,FALSE,,,,,,,,,,,,,,,,,,,,,,,,,,,,,,,,,,,,
African Village,"3003 N Belt Line Rd, Irving, TX 75062",9725701111,,Irving,Texas,75062,https://africanvillagerestauranttx.com/kiTS,AFRIC,500,,,,"32.8478968, -96.9936002",,,,,,TRUE,FALSE,FALSE,,,,,,,,,,,,,,,,,,,,,,,,,,,,,,,,,,,,
AFRO BEAUTY & BRAIDS,"616 Fm 685, Pflugerville, TX 78660",5128225849,,Pflugerville,Texas,78660,,AFROB,500,,,,"30.4420259, -97.6108606",,,,,,TRUE,FALSE,FALSE,,,,,,,,,,,,,,,,,,,,,,,,,,,,,,,,,,,,
Amarillo AREA BLACK CHAMBER OF COMMERCE,"900 N Hughes St, Amarillo, TX 79107",8064102600,,Amarillo,Texas,79107,http://aabcc.org/,AMARI,500,,,,"35.2232208, -101.8383669",,,,,,TRUE,FALSE,FALSE,,,,,,,,,,,,,,,,,,,,,,,,,,,,,,,,,,,,
Annie B’s Southern Cuisine (Soul Y Mex Kitchen),"9603 Fm 1960 W, Houston, TX 77070",3465696070,,Houston,Texas,77070,,ANNIE,500,,,,"29.9422948, -95.5687218",,,,,,TRUE,FALSE,FALSE,,,,,,,,,,,,,,,,,,,,,,,,,,,,,,,,,,,,
Anything’s Baked Potato,"1326 Rosewood Ave, Austin, TX 78702",5122437702,,Austin,Texas,78702,https://www.anythingsaustin.com/,ANYTH,500,,,,"30.2690162, -97.7246441",,,,,,TRUE,FALSE,FALSE,,,,,,,,,,,,,,,,,,,,,,,,,,,,,,,,,,,,
Austin Daiquiri Factory,"2000 E 12Th St, Austin, TX 78702",5129533519,,Austin,Texas,78702,http://www.austindaiquirifactory.com/,AUSTI,500,,,,"30.2741042, -97.718834",,,,,,TRUE,FALSE,FALSE,,,,,,,,,,,,,,,,,,,,,,,,,,,,,,,,,,,,
Authentic New York Pizza,"5838 S Staples St, Corpus Christi, TX 78413",3619861151,,Corpus Christi,Texas,78413,http://www.newyorkstylepizza.cc/,AUTHE,500,,,,"27.6955556, -97.3763889",,,,,,TRUE,FALSE,FALSE,,,,,,,,,,,,,,,,,,,,,,,,,,,,,,,,,,,,
Aveda Arts & Sciences Institute Austin,"6001 Middle Fiskville Rd, Austin, TX 78752",5123208080,,Austin,Texas,78752,https://avedaarts.edu/locations/austin/?utm_source=google&utm_medium=organic&utm_content=main_button&utm_campaign=gmb,AVEDA,500,,,,"30.3224933, -97.7090519",,,,,,TRUE,FALSE,FALSE,,,,,,,,,,,,,,,,,,,,,,,,,,,,,,,,,,,,
Avenue Five Institute,"8620 Burnet Rd #300, Austin, TX 78757",5129682835,,Austin,Texas,78757,http://www.avenuefive.edu/,AVENU,500,,,,"30.3693253, -97.7288999",,,,,,TRUE,FALSE,FALSE,,,,,,,,,,,,,,,,,,,,,,,,,,,,,,,,,,,,
BareSkyn Aesthetics,"607 N 10Th St A, Waco, TX 76701",2543344492,,Waco,Texas,76701,https://bareskynaesthetics.glossgenius.com/,BARES,500,,,,"31.5568167, -97.1405606",,,,,,TRUE,FALSE,FALSE,,,,,,,,,,,,,,,,,,,,,,,,,,,,,,,,,,,,
BBeautiful Natural Hair Care /Silk Press,"947 Gessner Rd B180 Suite 104, Houston, TX 77024",3465208086,,Houston,Texas,77024,https://www.beautifulforu.com/,BBEAU,500,,,,"29.7834174, -95.5451586",,,,,,TRUE,FALSE,FALSE,,,,,,,,,,,,,,,,,,,,,,,,,,,,,,,,,,,,
Beautimous Me Salon,"212 N Bryan Ave #103, Bryan, TX 77803",9797034584,,Bryan,Texas,77803,https://phorest.com/book/salons/beautimousmesalon,BEAUT,500,,,,"30.6753938, -96.3740818",,,,,,TRUE,FALSE,FALSE,,,,,,,,,,,,,,,,,,,,,,,,,,,,,,,,,,,,
BEC Studio,"515 Westheimer Rd H, Houston, TX 77006",8327860541,,Houston,Texas,77006,http://www.becstudio.co/,BECST,500,,,,"29.7441728, -95.3881649",,,,,,TRUE,FALSE,FALSE,,,,,,,,,,,,,,,,,,,,,,,,,,,,,,,,,,,,
Black and White Tax Services,"1817 S High St, Longview, TX 75602",9037029447,,Longview,Texas,75602,,BLACK,500,,,,"32.4709303, -94.74208",,,,,,TRUE,FALSE,FALSE,,,,,,,,,,,,,,,,,,,,,,,,,,,,,,,,,,,,
Black Book Houston,"12401 S Post Oak Rd Suite 228, Houston, TX 77045",3464295112,,Houston,Texas,77045,http://www.blackbookhouston.com/,5EZ2F,500,,,,"29.6457435, -95.4625459",,,,,,TRUE,FALSE,FALSE,,,,,,,,,,,,,,,,,,,,,,,,,,,,,,,,,,,,
Black Cultural Initiative,"2909 E Arkansas Ln, Arlington, TX 76010",9727679708,,Arlington,Texas,76010,,IDKOQ,500,,,,"32.7066501, -97.0578236",,,,,,TRUE,FALSE,FALSE,,,,,,,,,,,,,,,,,,,,,,,,,,,,,,,,,,,,
Black Hair Design,"6111 Cypress Creek Pkwy Ste 201, Houston, TX 77069",2812502615,,Houston,Texas,77069,,6JPPO,500,,,,"29.974839, -95.520991",,,,,,TRUE,FALSE,FALSE,,,,,,,,,,,,,,,,,,,,,,,,,,,,,,,,,,,,
"Black Ink Capital, LLC","2651 N Harwood St #200, Dallas, TX 75201",8008924535,,Dallas,Texas,75201,,7MSVT,500,,,,"32.792856, -96.8064807",,,,,,TRUE,FALSE,FALSE,,,,,,,,,,,,,,,,,,,,,,,,,,,,,,,,,,,,
Black Roses Hair Weaving Studio,"396 W Greens Rd Suite 424, Houston, TX 77067",9372704091,,Houston,Texas,77067,https://cecemystylist.com/,U1KRD,500,,,,"29.9498169, -95.4214881",,,,,,TRUE,FALSE,FALSE,,,,,,,,,,,,,,,,,,,,,,,,,,,,,,,,,,,,
BLUE WATER BAYOU WING MASTERS | Soul Food,"720 Texas Blvd, Texarkana, TX 75501",9038095600,,Texarkana,Texas,75501,https://bluewaterbayou.top/,BLUEW,500,,,,"33.4260443, -94.0479468",,,,,,TRUE,FALSE,FALSE,,,,,,,,,,,,,,,,,,,,,,,,,,,,,,,,,,,,
BO BBQ- Korean Grill & Hot Pot,"6042 S Padre Island Dr, Corpus Christi, TX 78412",3614520702,,Corpus Christi,Texas,78412,http://bokoreanbbq.com/,BOBBQ,500,,,,"27.7042278, -97.3612371",,,,,,TRUE,FALSE,FALSE,,,,,,,,,,,,,,,,,,,,,,,,,,,,,,,,,,,,
BOOJEEHAIR LAS VEGAS,"4483 North Fwy, Houston, TX 77022",7025613776,,Houston,Texas,77022,http://boojeehair.com/,BOOJE,500,,,,"29.8301756, -95.3837039",,,,,,TRUE,FALSE,FALSE,,,,,,,,,,,,,,,,,,,,,,,,,,,,,,,,,,,,
"Bowie-Cass Electric Cooperative , Inc","117 North St, Douglassville, TX 75560",9038462311,,Douglassville,Texas,75560,http://www.bcec.com/,BOWIE,500,,,,"33.1934652, -94.3542933",,,,,,TRUE,FALSE,FALSE,,,,,,,,,,,,,,,,,,,,,,,,,,,,,,,,,,,,
BRAIDS BY MIMEE (Sew-Ins • Quick Weaves • In-Salon & Mobile Available),"9038 N Interstate Hwy 35 Unit 2B, Austin, TX 78753",5129200015,,Austin,Texas,78753,https://www.hairleganzabeautybar.com/,BRAID,500,,,,"30.3562876, -97.6901906",,,,,,TRUE,FALSE,FALSE,,,,,,,,,,,,,,,,,,,,,,,,,,,,,,,,,,,,
Brain Food Dallas,"1409 Botham Jean Blvd, Dallas, TX 75215",2144940795,,Dallas,Texas,75215,http://brainfooddallas.com/,BRAIN,500,,,,"32.7670624, -96.7956341",,,,,,TRUE,FALSE,FALSE,,,,,,,,,,,,,,,,,,,,,,,,,,,,,,,,,,,,
Bubba's 33,"1921 S Padre Island Dr, Corpus Christi, TX 78416",3618062933,,Corpus Christi,Texas,78416,https://www.bubbas33.com/locations/texas/corpus-christi?utm_source=listing&utm_medium=search,BUBBA,500,,,,"27.7391026, -97.4365203",,,,,,TRUE,FALSE,FALSE,,,,,,,,,,,,,,,,,,,,,,,,,,,,,,,,,,,,
Butler's Barber Lounge,"1521 Wooded Acres Dr Ste A, Waco, TX 76710",2542246781,,Waco,Texas,76710,https://butlersbarbershop.com/,BUTLE,500,,,,"31.5353565, -97.1905059",,,,,,TRUE,FALSE,FALSE,,,,,,,,,,,,,,,,,,,,,,,,,,,,,,,,,,,,
Butter Funk Kitchen,"8511 Scott St Ste G, Houston, TX 77051",7134346102,,Houston,Texas,77051,https://butterfunkhtx.com/?utm_source=google,BUTTE,500,,,,"29.6688957, -95.367897",,,,,,TRUE,FALSE,FALSE,,,,,,,,,,,,,,,,,,,,,,,,,,,,,,,,,,,,
Buy Black Brown,"1301 Texas Ave, Houston, TX 77002",8325590421,,Houston,Texas,77002,,BUYBL,500,,,,"29.7585433, -95.359579",,,,,,TRUE,FALSE,FALSE,,,,,,,,,,,,,,,,,,,,,,,,,,,,,,,,,,,,
Capital Movers Texas,"2715 Sam Bass Rd #561, Round Rock, TX 78681",5125513147,,Round Rock,Texas,78681,http://capitalmoverstexas.com/,CAPIT,500,,,,"30.5294249, -97.7192735",,,,,,TRUE,FALSE,FALSE,,,,,,,,,,,,,,,,,,,,,,,,,,,,,,,,,,,,
Caribbean Cabana,"920 S Harwood St, Dallas, TX 75201",9729457272,,Dallas,Texas,75201,https://caribbeancabana.top/,CARIB,500,,,,"32.77747, -96.7900856",,,,,,TRUE,FALSE,FALSE,,,,,,,,,,,,,,,,,,,,,,,,,,,,,,,,,,,,
Central Texas Beauty College,"1400 N Mays St, Round Rock, TX 78664",5122442235,,Round Rock,Texas,78664,http://www.centraltexasbeautycollege.com/,CENTR,500,,,,"30.5207765, -97.6849095",,,,,,TRUE,FALSE,FALSE,,,,,,,,,,,,,,,,,,,,,,,,,,,,,,,,,,,,
Charm's African Hair Braiding & Weaving,"9063 Research Blvd Ste 203, Austin, TX 78758",5125525972,,Austin,Texas,78758,,CHARM,500,,,,"30.3745417, -97.7272333",,,,,,TRUE,FALSE,FALSE,,,,,,,,,,,,,,,,,,,,,,,,,,,,,,,,,,,,
Chef Cassy's Kitchen,"304 Us-175, Eustace, TX 75124",2144058846,,Eustace,Texas,75124,http://www.chefcassy.com/,CHEFC,500,,,,"32.3111378, -96.0111174",,,,,,TRUE,FALSE,FALSE,,,,,,,,,,,,,,,,,,,,,,,,,,,,,,,,,,,,
Chef Gil & Co.,"8309 Research Blvd, Austin, TX 78758",5125078497,,Austin,Texas,78758,https://www.chefgilco.com/,CHEFG,500,,,,"30.3561322, -97.7148334",,,,,,TRUE,FALSE,FALSE,,,,,,,,,,,,,,,,,,,,,,,,,,,,,,,,,,,,
Cherkose Ethiopian cuisine,"5904 S Cooper St Suite 110, Arlington, TX 76017",8179877715,,Arlington,Texas,76017,,CHERK,500,,,,"32.651306, -97.1358535",,,,,,TRUE,FALSE,FALSE,,,,,,,,,,,,,,,,,,,,,,,,,,,,,,,,,,,,
Chicken Express,"1125 Mockingbird Ln, Sulphur Springs, TX 75482",9038853677,,Sulphur Springs,Texas,75482,https://chickene.com/,CHICK,500,,,,"33.1212822, -95.595537",,,,,,TRUE,FALSE,FALSE,,,,,,,,,,,,,,,,,,,,,,,,,,,,,,,,,,,,
ChòpnBlọk,"507 Westheimer Rd, Houston, TX 77006",8329624500,,Houston,Texas,77006,https://chopnblok.co/,CHPNB,500,,,,"29.7442282, -95.387676",,,,,,TRUE,FALSE,FALSE,,,,,,,,,,,,,,,,,,,,,,,,,,,,,,,,,,,,
ChòpnBlọk,"401 Franklin St, Houston, TX 77201",2816315009,,Houston,Texas,77201,https://chopnblok.co/,1LKF8,500,,,,"29.7656588, -95.3656156",,,,,,TRUE,FALSE,FALSE,,,,,,,,,,,,,,,,,,,,,,,,,,,,,,,,,,,,
Chops & Eggs,"5802 Yorktown Blvd B107, Corpus Christi, TX 78414",3614522777,,Corpus Christi,Texas,78414,https://chopseggs.com/?utm_source=google,CHOPS,500,,,,"27.6653696, -97.3926884",,,,,,TRUE,FALSE,FALSE,,,,,,,,,,,,,,,,,,,,,,,,,,,,,,,,,,,,
Christine Wig and Beauty Supply,"4639 Corona Dr Ste 6, Corpus Christi, TX 78411",3619931055,,Corpus Christi,Texas,78411,,CHRIS,500,,,,"27.7121218, -97.3878464",,,,,,TRUE,FALSE,FALSE,,,,,,,,,,,,,,,,,,,,,,,,,,,,,,,,,,,,
Clean Hair Salon Studios,"5802 Yorktown Blvd Ste 101B, Corpus Christi, TX 78414",3616922361,,Corpus Christi,Texas,78414,http://www.cleanhairsalon.com/,CLEAN,500,,,,"27.665464, -97.392644",,,,,,TRUE,FALSE,FALSE,,,,,,,,,,,,,,,,,,,,,,,,,,,,,,,,,,,,
Cocolevio LLC,"1800 E 4Th St, Austin, TX 78702",5122225730,,Austin,Texas,78702,https://cocolevio.com/,COCOL,500,,,,"30.2599639, -97.7235013",,,,,,TRUE,FALSE,FALSE,,,,,,,,,,,,,,,,,,,,,,,,,,,,,,,,,,,,
Colberts Culinary Creations LLC,"8309 Research Blvd Ste B, Austin, TX 78758",2059831042,,Austin,Texas,78758,http://colbertsculinarycreation.com/,COLBE,500,,,,"30.3561322, -97.7148334",,,,,,TRUE,FALSE,FALSE,,,,,,,,,,,,,,,,,,,,,,,,,,,,,,,,,,,,
Complete Beauty Bar,"5219 Almeda Rd, Houston, TX 77004",2816748610,,Houston,Texas,77004,http://www.completebeautybar.com/,COMPL,500,,,,"29.7223251, -95.3786295",,,,,,TRUE,FALSE,FALSE,,,,,,,,,,,,,,,,,,,,,,,,,,,,,,,,,,,,
Corpus Christi Black Chamber of Commerce,"5350 S Staples St Ste 333C, Corpus Christi, TX 78411",3618158346,,Corpus Christi,Texas,78411,http://www.blackchambercc.org/cpages/contact,CORPU,500,,,,"27.7037236, -97.3717285",,,,,,TRUE,FALSE,FALSE,,,,,,,,,,,,,,,,,,,,,,,,,,,,,,,,,,,,
Cotton Patch Cafe,"420 Us-79, Henderson, TX 75652",9036571414,,Henderson,Texas,75652,https://cottonpatch.com/locations/tx/henderson/420-highway-79-south,COTTO,500,,,,"32.1483468, -94.7886775",,,,,,TRUE,FALSE,FALSE,,,,,,,,,,,,,,,,,,,,,,,,,,,,,,,,,,,,
Crown Theory Salon | Silk Press & Natural Hair Salon,"14150 Huffmeister Rd Suite 150, Studio 12 Studio 12, Cypress, TX 77429",8328473236,,Cypress,Texas,77429,http://crowntheory1.glossgenius.com/,CROWN,500,,,,"29.9745072, -95.6443989",,,,,,TRUE,FALSE,FALSE,,,,,,,,,,,,,,,,,,,,,,,,,,,,,,,,,,,,
Da Bizznes Tax Title & Insurance Services LLC,"4106 Scyene Rd, Dallas, TX 75210",2144282499,,Dallas,Texas,75210,http://www.dabizztaxteam.com/,DABIZ,500,,,,"32.766981, -96.749282",,,,,,TRUE,FALSE,FALSE,,,,,,,,,,,,,,,,,,,,,,,,,,,,,,,,,,,,
Dabira Jewelry,"6287 S Texas 6, Houston, TX 77083",2817334838,,Houston,Texas,77083,,DABIR,500,,,,"29.7100212, -95.6434613",,,,,,TRUE,FALSE,FALSE,,,,,,,,,,,,,,,,,,,,,,,,,,,,,,,,,,,,
Daily,"211 N Ervay St 10Th Floor, Suite 1003, Dallas, TX 75201",9728494095,,Dallas,Texas,75201,,DAILY,500,,,,"32.7822112, -96.7975932",,,,,,TRUE,FALSE,FALSE,,,,,,,,,,,,,,,,,,,,,,,,,,,,,,,,,,,,
Dallas Black Chamber of Commerce,"2922 Martin Luther King Jr Blvd, Dallas, TX 75215",2147026652,,Dallas,Texas,75215,http://dallasblackchamber.org/,DALLA,500,,,,"32.7698992, -96.767106",,,,,,TRUE,FALSE,FALSE,,,,,,,,,,,,,,,,,,,,,,,,,,,,,,,,,,,,
Dallas Hair Diva,"13465 Inwood Rd #185 Suite 113, Dallas, TX 75244",,,Dallas,Texas,75244,https://dallashairdiva.square.site/,0GD9Y,500,,,,"32.9303364, -96.8229242",,,,,,TRUE,FALSE,FALSE,,,,,,,,,,,,,,,,,,,,,,,,,,,,,,,,,,,,
DBSALON,"19708 Northwest Fwy #700, Jersey Village, TX 77065",8329124669,,Jersey Village,Texas,77065,,DBSAL,500,,,,"29.9153815, -95.6123889",,,,,,TRUE,FALSE,FALSE,,,,,,,,,,,,,,,,,,,,,,,,,,,,,,,,,,,,
Deiner's Deep Cutz On The Go,"17000 El Camino Real Ste 301B, Houston, TX 77058",2819847707,,Houston,Texas,77058,https://square.site/book/1FCP409JETM78/deiners-deep-cutz-on-the-go-houston-tx,DEINE,500,,,,"29.5528247, -95.1185752",,,,,,TRUE,FALSE,FALSE,,,,,,,,,,,,,,,,,,,,,,,,,,,,,,,,,,,,
Deity Style Studios,"840 N Eldridge Pkwy #100, Houston, TX 77079",8327913818,,Houston,Texas,77079,https://square.site/book/LBC3DD8SGJYFW/deitystylestudios-houston-tx,DEITY,500,,,,"29.7784278, -95.6175814",,,,,,TRUE,FALSE,FALSE,,,,,,,,,,,,,,,,,,,,,,,,,,,,,,,,,,,,
Denny's Restaurant,"839 N Watson Rd, Arlington, TX 76011",8176406050,,Arlington,Texas,76011,https://locations.dennys.com/TX/ARLINGTON/247853?utm_source=G&utm_medium=organic&utm_campaign=DAC,DENNY,500,,,,"32.7567639, -97.0644705",,,,,,TRUE,FALSE,FALSE,,,,,,,,,,,,,,,,,,,,,,,,,,,,,,,,,,,,
DHairBoutique - Houston,"3929 Richmond Ave, Houston, TX 77027",8327670962,,Houston,Texas,77027,https://dhair-boutique.com/,DHAIR,500,,,,"29.7322237, -95.440376",,,,,,TRUE,FALSE,FALSE,,,,,,,,,,,,,,,,,,,,,,,,,,,,,,,,,,,,
Dia's Market,"812 Justin Ln, Austin, TX 78757",5125205115,,Austin,Texas,78757,http://www.diasmarket.com/,DIASM,500,,,,"30.3374065, -97.7203908",,,,,,TRUE,FALSE,FALSE,,,,,,,,,,,,,,,,,,,,,,,,,,,,,,,,,,,,
Digital Information Security Solutions,"401 E. Sonterra Blvd, San Antonio, Texas 78261",2109015895,mmoyosore@digissllc.com,San Antonio,Texas,78232,https://www.digissllc.com,DIGIT,500,,,,"29.6291582, -98.6291582",,,,,,TRUE,FALSE,FALSE,,,,,,,,,,,,,,,,,,,,,,,,,,,,,,,,,,,,
Dilla Coffee Roasters,"3823 Ross Ave, Dallas, TX 75204",2148219596,,Dallas,Texas,75204,http://dillacoffee.com/,DILLA,500,,,,"32.7988656, -96.7854694",,,,,,TRUE,FALSE,FALSE,,,,,,,,,,,,,,,,,,,,,,,,,,,,,,,,,,,,
Divine Touch African Hair Braiding & Weaving,"7111 Marvin D. Love Fwy #216, Dallas, TX 75237",4697352285,,Dallas,Texas,75237,https://divinetouchafricanhairbraiding.com/,DIVIN,500,,,,"32.6612181, -96.8721108",,,,,,TRUE,FALSE,FALSE,,,,,,,,,,,,,,,,,,,,,,,,,,,,,,,,,,,,
DoubleDave's Pizzaworks,"2500 Marina Bay Dr Ste A, League City, TX 77573",2815496491,,League City,Texas,77573,https://www.doubledavespizzaworks.com/,DOUBL,500,,,,"29.5327446, -95.0709891",,,,,,TRUE,FALSE,FALSE,,,,,,,,,,,,,,,,,,,,,,,,,,,,,,,,,,,,
Dreads By Dotie (Dallas),"2607 S Second Ave, Dallas, TX 75210",2144603445,,Dallas,Texas,75210,http://www.dreadsbydotie.com/,DREAD,500,,,,"32.7677645, -96.752715",,,,,,TRUE,FALSE,FALSE,,,,,,,,,,,,,,,,,,,,,,,,,,,,,,,,,,,,
Dress for Success Houston,"3310 Eastside St, Houston, TX 77098",7139573779,,Houston,Texas,77098,http://dfshouston.org/,DRESS,500,,,,"29.7363233, -95.4251379",,,,,,TRUE,FALSE,FALSE,,,,,,,,,,,,,,,,,,,,,,,,,,,,,,,,,,,,
Drug Emporium Longview,"2321 W Loop 281 # A, Longview, TX 75604",9032970966,,Longview,Texas,75604,https://www.drugemporiuminc.com/stores/longview-tx/,DRUGE,500,,,,"32.5167582, -94.7922196",,,,,,TRUE,FALSE,FALSE,,,,,,,,,,,,,,,,,,,,,,,,,,,,,,,,,,,,
E&G HAIR BRAIDING,"7600 N Lamar Blvd # B, Austin, TX 78752",5128503801,,Austin,Texas,78752,http://www.eghairbraidings.com/,EGHAI,500,,,,"30.3444526, -97.7152417",,,,,,TRUE,FALSE,FALSE,,,,,,,,,,,,,,,,,,,,,,,,,,,,,,,,,,,,
East Texas Better Business Caucus (ETXBBC),"3122 Nealy Wy Ste. 143, Longview, TX 75605",8005493761,,Longview,Texas,75605,,EASTT,500,,,,"32.5386556, -94.7194792",,,,,,TRUE,FALSE,FALSE,,,,,,,,,,,,,,,,,,,,,,,,,,,,,,,,,,,,
East Texas Innovation Center (ETX),"109 Washington St, Beckville, TX 75631",8173828475,,Beckville,Texas,75631,http://www.etxinnovation.com/,PYWOT,500,,,,"32.2429409, -94.4563613",,,,,,TRUE,FALSE,FALSE,,,,,,,,,,,,,,,,,,,,,,,,,,,,,,,,,,,,
Eatzi's Market & Bakery,"1540 S University Dr #100, Fort Worth, TX 76107",8179459095,,Fort Worth,Texas,76107,http://eatzis.com/,EATZI,500,,,,"32.7295256, -97.3615972",,,,,,TRUE,FALSE,FALSE,,,,,,,,,,,,,,,,,,,,,,,,,,,,,,,,,,,,
Ego Braids and Natural Hair LLC,"1500 S Dairy Ashford Rd Ste 210N, Houston, TX 77077",3464339557,,Houston,Texas,77077,http://egobraidandlocs.com/,EGOBR,500,,,,"29.7529639, -95.6066929",,,,,,TRUE,FALSE,FALSE,,,,,,,,,,,,,,,,,,,,,,,,,,,,,,,,,,,,
Elisha's Food For The Soul,"404 Forest Terrace, Marshall, TX 75670",9036862015,,Marshall,Texas,75670,https://www.elishasfoodforthesoul.com/,ELISH,500,,,,"32.5278585, -94.3719299",,,,,,TRUE,FALSE,FALSE,,,,,,,,,,,,,,,,,,,,,,,,,,,,,,,,,,,,
Esther's Cajun Café & Soul Food,"5007 N Shepherd Dr, Houston, TX 77018",7136991212,,Houston,Texas,77018,http://www.estherscajunsoul.com/,ESTHE,500,,,,"29.8394002, -95.4112589",,,,,,TRUE,FALSE,FALSE,,,,,,,,,,,,,,,,,,,,,,,,,,,,,,,,,,,,
Events Unleashed,"5540 N Lamar Blvd #29, Austin, TX 78756",5122708796,,Austin,Texas,78756,https://www.eventsunleashed.com/,EVENT,500,,,,"30.324639, -97.7278862",,,,,,TRUE,FALSE,FALSE,,,,,,,,,,,,,,,,,,,,,,,,,,,,,,,,,,,,
Feminine Attractions - Hair Braiding Houston,"7447 Harwin Dr. Ste 101, Houston, TX 77036",3462268571,,Houston,Texas,77036,https://feminineattractions.com/?utm_campaign=gmb,FEMIN,500,,,,"29.7172258, -95.5146569",,,,,,TRUE,FALSE,FALSE,,,,,,,,,,,,,,,,,,,,,,,,,,,,,,,,,,,,
FINS Grill & Icehouse,"420 W Cotter Ave, Port Aransas, TX 78373",3617498646,,Port Aransas,Texas,78373,https://www.finsgrillandicehouse.com/,FINSG,500,,,,"27.8381048, -97.0672483",,,,,,TRUE,FALSE,FALSE,,,,,,,,,,,,,,,,,,,,,,,,,,,,,,,,,,,,
Firehouse Subs Kennedy Lane,"3213 Kennedy Ln, Texarkana, TX 75503",9038312372,,Texarkana,Texas,75503,https://www.firehousesubs.com/,FIREH,500,,,,"33.45337, -94.07869",,,,,,TRUE,FALSE,FALSE,,,,,,,,,,,,,,,,,,,,,,,,,,,,,,,,,,,,
Five Central Houston,"2736 Virginia St, Houston, TX 77098",8323532336,,Houston,Texas,77098,https://www.fivecentralhouston.com/,FIVEC,500,,,,"29.7411305, -95.4214347",,,,,,TRUE,FALSE,FALSE,,,,,,,,,,,,,,,,,,,,,,,,,,,,,,,,,,,,
Flower Child (Houston Heights),"1533 N Shepherd Dr Ste 100, Houston, TX 77008",3462304478,,Houston,Texas,77008,https://www.iamaflowerchild.com/locations/houston-tx-houston-heights/?utm_source=Google&utm_medium=Organic&utm_campaign=Maps,FLOWE,500,,,,"29.7991112, -95.410228",,,,,,TRUE,FALSE,FALSE,,,,,,,,,,,,,,,,,,,,,,,,,,,,,,,,,,,,
FroFessionals,"1 Chisholm Trail Rd Suite 450, Round Rock, TX 78681",7372452785,,Round Rock,Texas,78681,http://frofessionals.com/,FROFE,500,,,,"30.5139502, -97.6887838",,,,,,TRUE,FALSE,FALSE,,,,,,,,,,,,,,,,,,,,,,,,,,,,,,,,,,,,
Fuddruckers,"1949 S Padre Island Dr, Corpus Christi, TX 78416",3618570808,,Corpus Christi,Texas,78416,https://www.fuddruckers.com/corpus-christi,FUDDR,500,,,,"27.7382233, -97.4359865",,,,,,TRUE,FALSE,FALSE,,,,,,,,,,,,,,,,,,,,,,,,,,,,,,,,,,,,
G&Q Braiding Salon,"8484 Wilcrest Dr Suit F, Houston, TX 77072",7135147403,,Houston,Texas,77072,http://www.gqbraiding.com/,GQBRA,500,,,,"29.6856351, -95.5700554",,,,,,TRUE,FALSE,FALSE,,,,,,,,,,,,,,,,,,,,,,,,,,,,,,,,,,,,
Gawsy Hair Salon and Spa,"5782 Bellfort Ave, Houston, TX 77033",2817093327,,Houston,Texas,77033,http://www.styleseat.com/emilysthairapy,GAWSY,500,,,,"29.6661155, -95.3329816",,,,,,TRUE,FALSE,FALSE,,,,,,,,,,,,,,,,,,,,,,,,,,,,,,,,,,,,
Generations Round Rock,"1500 South A W Grimes Blvd #100, Round Rock, TX 78664",5122381111,,Round Rock,Texas,78664,,GENER,500,,,,"30.4971893, -97.6580578",,,,,,TRUE,FALSE,FALSE,,,,,,,,,,,,,,,,,,,,,,,,,,,,,,,,,,,,
Georgetown Barbershop,"604 E University Ave, Georgetown, TX 78626",5122405415,,Georgetown,Texas,78626,https://www.facebook.com/profile.php?id=61574775278475&mibextid=ZbWKwL,GEORG,500,,,,"30.6331362, -97.6714122",,,,,,TRUE,FALSE,FALSE,,,,,,,,,,,,,,,,,,,,,,,,,,,,,,,,,,,,
Ghost Hookah Lounge,"13717 Burnet Rd #325, Austin, TX 78727",7372336122,,Austin,Texas,78727,,GHOST,500,,,,"30.4376925, -97.6978",,,,,,TRUE,FALSE,FALSE,,,,,,,,,,,,,,,,,,,,,,,,,,,,,,,,,,,,
Glam And Glow By Quin LLC,"9701 Meyer Forest Dr, Houston, TX 77096",8329935000,,Houston,Texas,77096,http://glambyquin.com/,GLAMA,500,,,,"29.6744709, -95.4545414",,,,,,TRUE,FALSE,FALSE,,,,,,,,,,,,,,,,,,,,,,,,,,,,,,,,,,,,
Glam Divine Treats Soul N African Cuisine,"6788 Synott Rd, Houston, TX 77083",3463357116,,Houston,Texas,77083,https://www.glamdivinetreatssoulnafricancuisine.com/,GLAMD,500,,,,"29.7045118, -95.6153335",,,,,,TRUE,FALSE,FALSE,,,,,,,,,,,,,,,,,,,,,,,,,,,,,,,,,,,,
Glory Is Our Hair,"7011 Harwin Dr., Houston, TX 77036",7136405934,,Houston,Texas,77036,https://gloryisourhair.wixsite.com/gioh,GLORY,500,,,,"29.717724, -95.5063642",,,,,,TRUE,FALSE,FALSE,,,,,,,,,,,,,,,,,,,,,,,,,,,,,,,,,,,,
Golden Chick,"300 N Alamo St, Refugio, TX 78377",3615267084,,Refugio,Texas,78377,http://locations.goldenchick.com/tx/refugio/1057/?utm_source=Google&utm_medium=Organic&utm_campaign=Maps,GOLDE,500,,,,"28.3083333, -97.2741667",,,,,,TRUE,FALSE,FALSE,,,,,,,,,,,,,,,,,,,,,,,,,,,,,,,,,,,,
Golden Chick,"1215 TX-35 Bus, Rockport, TX 78382",3614501088,,Rockport,Texas,78382,http://locations.goldenchick.com/tx/rockport/1320/?utm_source=Google&utm_medium=Organic&utm_campaign=Maps,BDOWF,500,,,,"28.036166, -97.0431197",,,,,,TRUE,FALSE,FALSE,,,,,,,,,,,,,,,,,,,,,,,,,,,,,,,,,,,,
Golden Corral Buffet & Grill,"5901 S Padre Island Dr, Corpus Christi, TX 78412",3619912838,,Corpus Christi,Texas,78412,https://www.goldencorral.com/locations/938/golden-corral-s-padre-island-drive?utm_source=google&utm_medium=local&utm_campaign=localmaps&utm_content=938,ZDSWN,500,,,,"27.7039039, -97.3647183",,,,,,TRUE,FALSE,FALSE,,,,,,,,,,,,,,,,,,,,,,,,,,,,,,,,,,,,
Good Eats Southern Cuisine,"10920 Almeda Rd Ste 600, Houston, TX 77045",8326685566,,Houston,Texas,77045,https://goodeatssoutherncuisine.com/,GOODE,500,,,,"29.6625753, -95.400786",,,,,,TRUE,FALSE,FALSE,,,,,,,,,,,,,,,,,,,,,,,,,,,,,,,,,,,,
Gotti's Restaurant,"811 St Emanuel St, Houston, TX 77003",7134053500,,Houston,Texas,77003,https://www.gottis.com/,GOTTI,500,,,,"29.752163, -95.3544173",,,,,,TRUE,FALSE,FALSE,,,,,,,,,,,,,,,,,,,,,,,,,,,,,,,,,,,,
Great Clips,"3133 S Alameda St Ste 480, Corpus Christi, TX 78404",3618547328,,Corpus Christi,Texas,78404,https://salons.greatclips.com/us/tx/corpus-christi/3133-s-alameda-st?utm_source=google&utm_medium=organic&utm_campaign=gmb,GREAT,500,,,,"27.7568796, -97.3917869",,,,,,TRUE,FALSE,FALSE,,,,,,,,,,,,,,,,,,,,,,,,,,,,,,,,,,,,
Greater Austin Black Chamber of Commerce,"912 E 11Th St Suite A, Austin, TX 78702",5124591181,,Austin,Texas,78702,http://www.austinbcc.org/,WDLG1,500,,,,"30.2701024, -97.7308731",,,,,,TRUE,FALSE,FALSE,,,,,,,,,,,,,,,,,,,,,,,,,,,,,,,,,,,,
Greater Houston Black Chamber of Commerce,"4828 Loop Central Dr #1000, Houston, TX 77081",7136608299,,Houston,Texas,77081,http://www.ghbcc.com/,1R2ME,500,,,,"29.7251529, -95.4550036",,,,,,TRUE,FALSE,FALSE,,,,,,,,,,,,,,,,,,,,,,,,,,,,,,,,,,,,
Grumbles Seafood Co.,"850 Tarpon St, Port Aransas, TX 78373",3617491990,,Port Aransas,Texas,78373,https://www.grumblesseafoodco.com/,GRUMB,500,,,,"27.8397388, -97.059555",,,,,,TRUE,FALSE,FALSE,,,,,,,,,,,,,,,,,,,,,,,,,,,,,,,,,,,,
Gwendolen Wilder Author,"10539 Dugas Dr, San Antonio, TX 78245",2105197801,info@gwendolenwilderauthor.com,San Antonio,Texas,78251,www.gwendolenwilderauthor.com,GWEND,500,,,,"29.361528, -98.7371077",,,,,,TRUE,FALSE,FALSE,,,,,,,,,,,,,,,,,,,,,,,,,,,,,,,,,,,,
Hair Alchemy Salon,"Level 2, 4411 Lemmon Ave Suite 28, Dallas, TX 75219",3477519414,,Dallas,Texas,75219,https://hairalchemysalon808.com/,HAIRA,500,,,,"32.8181506, -96.8134375",,,,,,TRUE,FALSE,FALSE,,,,,,,,,,,,,,,,,,,,,,,,,,,,,,,,,,,,
Hair Braiding Corner,"1801 S Dairy Ashford Rd, Houston, TX 77077",3464543881,,Houston,Texas,77077,,HAIRB,500,,,,"29.7475194, -95.6052095",,,,,,TRUE,FALSE,FALSE,,,,,,,,,,,,,,,,,,,,,,,,,,,,,,,,,,,,
Hair by LaQuia,"5455 Richmond Ave #4044, Houston, TX 77056",,,Houston,Texas,77056,https://hairbylaquia.square.site/,973I5,500,,,,"29.7307481, -95.4729196",,,,,,TRUE,FALSE,FALSE,,,,,,,,,,,,,,,,,,,,,,,,,,,,,,,,,,,,
Hair By Sela,"400 W Parkwood Ave #104, Friendswood, TX 77546",2819009960,,Friendswood,Texas,77546,,T51W6,500,,,,"29.5080892, -95.1917898",,,,,,TRUE,FALSE,FALSE,,,,,,,,,,,,,,,,,,,,,,,,,,,,,,,,,,,,
Hair Lounge,"2700 Swiss Ave #300, Dallas, TX 75204",2148243355,,Dallas,Texas,75204,,HAIRL,500,,,,"32.7872385, -96.7874784",,,,,,TRUE,FALSE,FALSE,,,,,,,,,,,,,,,,,,,,,,,,,,,,,,,,,,,,
Hair Radiant Salon,"1130 E Red Bird Ln C, Dallas, TX 75241",2143716630,,Dallas,Texas,75241,,HAIRR,500,,,,"32.6747229, -96.8064484",,,,,,TRUE,FALSE,FALSE,,,,,,,,,,,,,,,,,,,,,,,,,,,,,,,,,,,,
Hair Tyme Beauty Lounge,"9760 S Texas 6 Ste 500, Sugar Land, TX 77498",7138558800,,Sugar Land,Texas,77498,http://www.myhairtyme.com/,HAIRT,500,,,,"29.6720275, -95.6442096",,,,,,TRUE,FALSE,FALSE,,,,,,,,,,,,,,,,,,,,,,,,,,,,,,,,,,,,
HairBySheleen L.L.C. (Black Hair Salon In Houston),"12350 Westheimer Rd Unite H Suite 113, Houston, TX 77077",5046219277,,Houston,Texas,77077,,YUV93,500,,,,"29.7369713, -95.6002787",,,,,,TRUE,FALSE,FALSE,,,,,,,,,,,,,,,,,,,,,,,,,,,,,,,,,,,,
Harlem Nights Scratch Kitchen and Cocktails,"1320 Fitzhugh Ave, Paris, TX 75460",9037061866,,Paris,Texas,75460,https://harlemnightsparistx.com/?utm_source=google,HARLE,500,,,,"33.6727526, -95.5470426",,,,,,TRUE,FALSE,FALSE,,,,,,,,,,,,,,,,,,,,,,,,,,,,,,,,,,,,
Harrison's Landing,"108 Peoples St T-Head, Corpus Christi, TX 78401",3618818503,,Corpus Christi,Texas,78401,https://harrisonslanding.net/,HARRI,500,,,,"27.796959, -97.38892",,,,,,TRUE,FALSE,FALSE,,,,,,,,,,,,,,,,,,,,,,,,,,,,,,,,,,,,
Haystacks,"206 Main St, Sulphur Springs, TX 75482",9037418324,,Sulphur Springs,Texas,75482,https://haystackstexas.com/,HAYST,500,,,,"33.1375579, -95.6018753",,,,,,TRUE,FALSE,FALSE,,,,,,,,,,,,,,,,,,,,,,,,,,,,,,,,,,,,
Health Spa,"15908 Ranch Rd 620 N Ste B, Austin, TX 78717",5129207345,,Austin,Texas,78717,,HEALT,500,,,,"30.4887199, -97.7302379",,,,,,TRUE,FALSE,FALSE,,,,,,,,,,,,,,,,,,,,,,,,,,,,,,,,,,,,
Healthy Hair Salon & Fashion/braids/Barbering,"9410 Walnut St Ste 110, Dallas, TX 75243",4694304033,,Dallas,Texas,75243,http://healthyhairsalonandfashion.com/,CLHED,500,,,,"32.9233312, -96.7361024",,,,,,TRUE,FALSE,FALSE,,,,,,,,,,,,,,,,,,,,,,,,,,,,,,,,,,,,
Heavenly Choices,"3810 Cavalcade St, Houston, TX 77026",3462995608,,Houston,Texas,77026,,HEAVE,500,,,,"29.7999129, -95.3329919",,,,,,TRUE,FALSE,FALSE,,,,,,,,,,,,,,,,,,,,,,,,,,,,,,,,,,,,
Helena Braiding & Barber Lounge,"3425 S Shepherd Dr #330, Houston, TX 77098",3468451100,,Houston,Texas,77098,https://helenabraiding.glossgenius.com/,HELEN,500,,,,"29.7352573, -95.410373",,,,,,TRUE,FALSE,FALSE,,,,,,,,,,,,,,,,,,,,,,,,,,,,,,,,,,,,
Hester's Cafe Lamar Park,"3812 S Alameda St, Corpus Christi, TX 78411",3618551892,,Corpus Christi,Texas,78411,http://hesterscafe.com/,HESTE,500,,,,"27.7440677, -97.380142",,,,,,TRUE,FALSE,FALSE,,,,,,,,,,,,,,,,,,,,,,,,,,,,,,,,,,,,
HOME OF BEAUTY XIV,"11106 Bammel North Houston Rd B, Houston, TX 77066",8327058686,,Houston,Texas,77066,https://www.homeofbeautyxiv.com/,HOMEO,500,,,,"29.9550565, -95.498019",,,,,,TRUE,FALSE,FALSE,,,,,,,,,,,,,,,,,,,,,,,,,,,,,,,,,,,,
Hometown Seafood Padre Island,"14254 S Padre Island Dr Ste 311, Corpus Christi, TX 78418",3619493107,,Corpus Christi,Texas,78418,https://htseafoodcompany.com/n-padre-location,HOMET,500,,,,"27.6246353, -97.2205164",,,,,,TRUE,FALSE,FALSE,,,,,,,,,,,,,,,,,,,,,,,,,,,,,,,,,,,,
Honey Apple Farm,"128 W Dallas St, Canton, TX 75103",2142080755,,Canton,Texas,75103,https://honeyapplefarm.com/,HONEY,500,,,,"32.5567942, -95.8636857",,,,,,TRUE,FALSE,FALSE,,,,,,,,,,,,,,,,,,,,,,,,,,,,,,,,,,,,
Hoover's Cooking,"2002 Manor Rd, Austin, TX 78722",5124795006,,Austin,Texas,78722,https://hooverscooking.com/?utm_source=google,HOOVE,500,,,,"30.2844194, -97.7201592",,,,,,TRUE,FALSE,FALSE,,,,,,,,,,,,,,,,,,,,,,,,,,,,,,,,,,,,
House of Beauty Austin,"305 N Heatherwilde Blvd Ste 410, Pflugerville, TX 78660",5129392896,,Pflugerville,Texas,78660,https://www.houseofbeautyaustin.com/,HOUSE,500,,,,"30.4501011, -97.6378462",,,,,,TRUE,FALSE,FALSE,,,,,,,,,,,,,,,,,,,,,,,,,,,,,,,,,,,,
House of Dear,"2604 Hibernia St, Dallas, TX 75204",2143970700,,Dallas,Texas,75204,https://houseofdearhairsalon.com/,8I2UB,500,,,,"32.7960222, -96.8009082",,,,,,TRUE,FALSE,FALSE,,,,,,,,,,,,,,,,,,,,,,,,,,,,,,,,,,,,
House of Rock,"511 Starr St, Corpus Christi, TX 78401",3618827625,,Corpus Christi,Texas,78401,https://texashouseofrock.com/,GQ22C,500,,,,"27.7976771, -97.3953857",,,,,,TRUE,FALSE,FALSE,,,,,,,,,,,,,,,,,,,,,,,,,,,,,,,,,,,,
Houston Black Business Consultant,"12848 Queensbury Ln #208, Houston, TX 77024",3462431611,,Houston,Texas,77024,https://houstonblackbusinessconsultant.com/,HOUST,500,,,,"29.7789437, -95.5610984",,,,,,TRUE,FALSE,FALSE,,,,,,,,,,,,,,,,,,,,,,,,,,,,,,,,,,,,
Houston Loctician Princess Styles (Locs),"4458 W Fuqua St 120 Suite 3, Houston, TX 77045",8328820868,,Houston,Texas,77045,https://locsbyprincess.as.me/schedule/0dcee7b1,H8DN0,500,,,,"29.6138531, -95.4450607",,,,,,TRUE,FALSE,FALSE,,,,,,,,,,,,,,,,,,,,,,,,,,,,,,,,,,,,
Houston's Finest Weave & Natural Hair Salon,"211 Cypress Creek Pkwy, Houston, TX 77090",2818366744,,Houston,Texas,77090,http://www.vagaro.com/houstonsfinest,ES3JS,500,,,,"30.0199444, -95.4313021",,,,,,TRUE,FALSE,FALSE,,,,,,,,,,,,,,,,,,,,,,,,,,,,,,,,,,,,
Innovation Black Chamber of Commerce,"205 E Avenue D, Killeen, TX 76541",2544159951,,Killeen,Texas,76541,http://www.innovationbcc.org/,INNOV,500,,,,"31.1205585, -97.7286274",,,,,,TRUE,FALSE,FALSE,,,,,,,,,,,,,,,,,,,,,,,,,,,,,,,,,,,,
Inspired Designs Hair Salon & Barbershop Gran'D Palace,"4001 E Stan Schlueter Loop Ste 104, Killeen, TX 76542",2546802887,,Killeen,Texas,76542,https://inspireddesignshairsalonandbarber.com/,INSPI,500,,,,"31.0760835, -97.7048429",,,,,,TRUE,FALSE,FALSE,,,,,,,,,,,,,,,,,,,,,,,,,,,,,,,,,,,,
Islands Edge Hair Salon,"15217 S Padre Island Dr, Corpus Christi, TX 78418",3612445748,,Corpus Christi,Texas,78418,,ISLAN,500,,,,"27.6029158, -97.2231665",,,,,,TRUE,FALSE,FALSE,,,,,,,,,,,,,,,,,,,,,,,,,,,,,,,,,,,,
Jacque's Beauty Salon,"4841 Williams Dr Building 107, Suite 16, Georgetown, TX 78628",5128698576,,Georgetown,Texas,78628,,JACQU,500,,,,"30.6948774, -97.730982",,,,,,TRUE,FALSE,FALSE,,,,,,,,,,,,,,,,,,,,,,,,,,,,,,,,,,,,
JaeUndreas Natural Hair Care Salon,"1536 E Anderson Ln, Austin, TX 78752",5123825007,,Austin,Texas,78752,https://jaeundreas.net/,JAEUN,500,,,,"30.332649, -97.6845295",,,,,,TRUE,FALSE,FALSE,,,,,,,,,,,,,,,,,,,,,,,,,,,,,,,,,,,,
Jason's Deli,"2200 Airport Fwy, Bedford, TX 76022",8173541511,,Bedford,Texas,76022,https://www.jasonsdeli.com/locations/tx/bedford/2200-airport-fwy/,JASON,500,,,,"32.835071, -97.1322937",,,,,,TRUE,FALSE,FALSE,,,,,,,,,,,,,,,,,,,,,,,,,,,,,,,,,,,,
Jazzie Hair Studio Hair - Trichologist,"11411 Windfern Rd Suite. 330, Houston, TX 77064",8327154860,,Houston,Texas,77064,https://blinq.me/nc3t5ED44G41OfH4WSUY,JAZZI,500,,,,"29.9331799, -95.5488083",,,,,,TRUE,FALSE,FALSE,,,,,,,,,,,,,,,,,,,,,,,,,,,,,,,,,,,,
Jess Soul Food,"810 La Salle Ave, Waco, TX 76706",2542948558,,Waco,Texas,76706,https://jesssoulfood.com/?utm_source=google,JESSS,500,,,,"31.5374021, -97.1157403",,,,,,TRUE,FALSE,FALSE,,,,,,,,,,,,,,,,,,,,,,,,,,,,,,,,,,,,
Joe's Crab Shack,"444 N Shoreline Blvd, Corpus Christi, TX 78401",3619040227,,Corpus Christi,Texas,78401,https://www.joescrabshack.com/location/joes-crab-shack-corpus-lighthouse/,JOESC,500,,,,"27.794731, -97.38801",,,,,,TRUE,FALSE,FALSE,,,,,,,,,,,,,,,,,,,,,,,,,,,,,,,,,,,,
Jose Luis Salon-Domain Northside,"3100 Esperanza Crossing Suite 124, Austin, TX 78758",5124741146,,Austin,Texas,78758,http://www.joseluissalon.com/,JOSEL,500,,,,"30.4000561, -97.7230677",,,,,,TRUE,FALSE,FALSE,,,,,,,,,,,,,,,,,,,,,,,,,,,,,,,,,,,,
Journey's Hair Studio & Spa Jaeger,"14020 Telge Rd, Cypress, TX 77429",2813044224,,Cypress,Texas,77429,https://www.journeyshairstudioandspajaeger.com/,JOURN,500,,,,"29.9782415, -95.6525069",,,,,,TRUE,FALSE,FALSE,,,,,,,,,,,,,,,,,,,,,,,,,,,,,,,,,,,,
JS International Grill,"324 E Belt Line Rd, Desoto, TX 75115",2144759637,,DeSoto,Texas,75115,https://www.jsinternational2go.com/,JSINT,500,,,,"32.5887425, -96.8517686",,,,,,TRUE,FALSE,FALSE,,,,,,,,,,,,,,,,,,,,,,,,,,,,,,,,,,,,
JT's Grooming,"201 University Oaks Blvd Unit 300 Suite 13, Round Rock, TX 78665",5129254086,,Round Rock,Texas,78665,http://www.jts-grooming.com/,JTSGR,500,,,,"30.5552608, -97.6879243",,,,,,TRUE,FALSE,FALSE,,,,,,,,,,,,,,,,,,,,,,,,,,,,,,,,,,,,
JuiceLand,"1340 Westheimer Rd D, Houston, TX 77006",8324879914,,Houston,Texas,77006,http://juiceland.com/,JUICE,500,,,,"29.7435383, -95.3958523",,,,,,TRUE,FALSE,FALSE,,,,,,,,,,,,,,,,,,,,,,,,,,,,,,,,,,,,
KAES Emporium,"5419 Everhart Rd, Corpus Christi, TX 78411",3618523114,,Corpus Christi,Texas,78411,,KAESE,500,,,,"27.7096905, -97.3882316",,,,,,TRUE,FALSE,FALSE,,,,,,,,,,,,,,,,,,,,,,,,,,,,,,,,,,,,
Keelys Natural Hair Studio,"1460 Dragon St, Dallas, TX 75207",6824313337,,Dallas,Texas,75207,https://www.keelysnaturalhairstudios.com/,KEELY,500,,,,"32.7914555, -96.8197474",,,,,,TRUE,FALSE,FALSE,,,,,,,,,,,,,,,,,,,,,,,,,,,,,,,,,,,,
Kelatic Hair Lounge,"9430 Richmond Ave Ste B, Houston, TX 77063",7134854000,,Houston,Texas,77063,http://www.kelatichairlounge.com/,KELAT,500,,,,"29.729341, -95.531792",,,,,,TRUE,FALSE,FALSE,,,,,,,,,,,,,,,,,,,,,,,,,,,,,,,,,,,,
Kendall Karsen’s Upscale Soul Food,"3939 S Polk St #305, Dallas, TX 75224",2143762171,,Dallas,Texas,75224,https://sites.google.com/view/kendallkarsensupscalesoulfood/,KENDA,500,,,,"32.6958554, -96.8418034",,,,,,TRUE,FALSE,FALSE,,,,,,,,,,,,,,,,,,,,,,,,,,,,,,,,,,,,
Kenjo Fly Fishing,"610 Sandy Ln, Port Aransas, TX 78373",3615002552,,Port Aransas,Texas,78373,http://www.kenjofly.com/,KENJO,500,,,,"27.8080988, -97.0778452",,,,,,TRUE,FALSE,FALSE,,,,,,,,,,,,,,,,,,,,,,,,,,,,,,,,,,,,
Kenya Nicole and the Business Builders,"1000 S Main St, Houston, TX 77002",2818103169,,Houston,Texas,77002,http://www.kenyabuildme.com/,KENYA,500,,,,"29.7258879, -95.2402103",,,,,,TRUE,FALSE,FALSE,,,,,,,,,,,,,,,,,,,,,,,,,,,,,,,,,,,,
Kessler Baking Studio Bishop Arts,"1129 N Beckley Ave, Dallas, TX 75203",2149487412,,Dallas,Texas,75203,https://www.kesslerbakingstudio.com/,KESSL,500,,,,"32.757638, -96.8232378",,,,,,TRUE,FALSE,FALSE,,,,,,,,,,,,,,,,,,,,,,,,,,,,,,,,,,,,
KHBEAUTY,"2204 Summer St Ste #118, Houston, TX 77007",8325890816,,Houston,Texas,77007,http://khbeautybridalartistry.com/,KHBEA,500,,,,"29.7731429, -95.3809501",,,,,,TRUE,FALSE,FALSE,,,,,,,,,,,,,,,,,,,,,,,,,,,,,,,,,,,,
Kicking It ATX,"3200 Palm Way #156, Austin, TX 78758",5125205558,,Austin,Texas,78758,https://kickingitatx.com/,KICKI,500,,,,"30.4033765, -97.7231411",,,,,,TRUE,FALSE,FALSE,,,,,,,,,,,,,,,,,,,,,,,,,,,,,,,,,,,,
Kimarastyles,"16151 Cairnway Dr Suite 107G, Houston, TX 77084",8772165505,,Houston,Texas,77084,https://kimarastyles.square.site/,KIMAR,500,,,,"29.8409845, -95.6444308",,,,,,TRUE,FALSE,FALSE,,,,,,,,,,,,,,,,,,,,,,,,,,,,,,,,,,,,
Kitchen + Kocktails,"1933 Elm St, Dallas, TX 75201",4694725445,,Dallas,Texas,75201,https://kitchenkocktailsusa.com/,KITCH,500,,,,"32.7825873, -96.7946248",,,,,,TRUE,FALSE,FALSE,,,,,,,,,,,,,,,,,,,,,,,,,,,,,,,,,,,,
Kulture,"701 Avenida De Las Americas Ste A, Houston, TX 77010",7133579697,,Houston,Texas,77010,https://www.opentable.com/r/kulture-restaurant-houston?corrid=50fae509-4298-4dea-aa45-617d784e66a4&avt=eyJ2IjoyLCJtIjoxLCJwIjowLCJzIjowLCJuIjowfQ&p=2&sd=2023-11-16T19%3A00%3A00,KULTU,500,,,,"29.7545608, -95.3569276",,,,,,TRUE,FALSE,FALSE,,,,,,,,,,,,,,,,,,,,,,,,,,,,,,,,,,,,
La Diva Hair Salon,"25145 Star Ln, Katy, TX 77494",7134830660,,Katy,Texas,77494,http://ladivahairsalon25.booksy.com/,LADIV,500,,,,"29.7750786, -95.8037224",,,,,,TRUE,FALSE,FALSE,,,,,,,,,,,,,,,,,,,,,,,,,,,,,,,,,,,,
Lace Me by J Lacy,"9100 N Central Expy Suite 190 # 38, Dallas, TX 75231",2146132903,,Dallas,Texas,75231,http://www.salonlaceme.com/,LACEM,500,,,,"32.8725497, -96.7689732",,,,,,TRUE,FALSE,FALSE,,,,,,,,,,,,,,,,,,,,,,,,,,,,,,,,,,,,
Lady Ayri Natural Hair Care LLC,"3232 Fondren Rd, Houston, TX 77063",8322653792,,Houston,Texas,77063,http://www.ladyayri.com/,LADYA,500,,,,"29.7294189, -95.5211444",,,,,,TRUE,FALSE,FALSE,,,,,,,,,,,,,,,,,,,,,,,,,,,,,,,,,,,,
Lamar & Niki's Pit Barbecue and Soul Food,"2516 Texas Ave, Bryan, TX 77802",9797759059,,Bryan,Texas,77802,http://lamarandnikis.com/,LAMAR,500,,,,"30.6470259, -96.3578703",,,,,,TRUE,FALSE,FALSE,,,,,,,,,,,,,,,,,,,,,,,,,,,,,,,,,,,,
Landry's Seafood House,"600 N Shoreline Blvd, Corpus Christi, TX 78401",3618826666,,Corpus Christi,Texas,78401,https://www.landrysseafood.com/location/landrys-seafood-corpus-christi/,LANDR,500,,,,"27.7978026, -97.3890314",,,,,,TRUE,FALSE,FALSE,,,,,,,,,,,,,,,,,,,,,,,,,,,,,,,,,,,,
Lashing Out Ink Academy,"544 W Veterans Memorial Blvd Ste 210, Harker Heights, TX 76548",2542130786,,Harker Heights,Texas,76548,http://www.lashingoutinkacademy.com/,LASHI,500,,,,"31.0912712, -97.6727696",,,,,,TRUE,FALSE,FALSE,,,,,,,,,,,,,,,,,,,,,,,,,,,,,,,,,,,,
Lather and Mane,"4622 Nolda St, Houston, TX 77007",3138505889,,Houston,Texas,77007,http://designsbytabatha.weebly.com/,LATHE,500,,,,"29.7764817, -95.408338",,,,,,TRUE,FALSE,FALSE,,,,,,,,,,,,,,,,,,,,,,,,,,,,,,,,,,,,
Lather Rinse Repeat Salon & Studios,"3000 Joe Dimaggio Blvd Ste 82 Bldg. 2200, Round Rock, TX 78665",7379907880,,Round Rock,Texas,78665,http://www.latherrinserepeatsalon.com/,9SHHN,500,,,,"30.5252399, -97.6371765",,,,,,TRUE,FALSE,FALSE,,,,,,,,,,,,,,,,,,,,,,,,,,,,,,,,,,,,
Lazy Beach Brewing and Cafe,"7522 Bichon Dr #100, Corpus Christi, TX 78414",3616935347,,Corpus Christi,Texas,78414,http://lazybeachbrewing.com/,LAZYB,500,,,,"27.6534491, -97.372322",,,,,,TRUE,FALSE,FALSE,,,,,,,,,,,,,,,,,,,,,,,,,,,,,,,,,,,,
LE Meals,"5610 N Interstate Hwy 35, Austin, TX 78751",5127369174,,Austin,Texas,78751,https://www.lemeals.net/,LEMEA,500,,,,"30.3161497, -97.7084916",,,,,,TRUE,FALSE,FALSE,,,,,,,,,,,,,,,,,,,,,,,,,,,,,,,,,,,,
Legendary Cuts Barbershop,"4700 Loyola Ln Unit 107, Austin, TX 78723",5129531360,,Austin,Texas,78723,http://www.legendarycutsaustin.com/,LEGEN,500,,,,"30.3097183, -97.6662324",,,,,,TRUE,FALSE,FALSE,,,,,,,,,,,,,,,,,,,,,,,,,,,,,,,,,,,,
Lejeune Skin & Body Care,"301 Hesters Crossing Rd Suite 140, Building A, Round Rock, TX 78681",5129682847,,Round Rock,Texas,78681,https://www.lejeuneskinspa.com/,LEJEU,500,,,,"30.4868997, -97.6803741",,,,,,TRUE,FALSE,FALSE,,,,,,,,,,,,,,,,,,,,,,,,,,,,,,,,,,,,
Level Up Barbershop,"1300 Gattis School Rd Suit 300, Round Rock, TX 78664",5123569007,,Round Rock,Texas,78664,http://worldwideblendz.booksy.com/a/,LEVEL,500,,,,"30.4967043, -97.6644728",,,,,,TRUE,FALSE,FALSE,,,,,,,,,,,,,,,,,,,,,,,,,,,,,,,,,,,,
Loc'd N Studios,"2340 Texas Pkwy, Missouri City, TX 77489",7132949817,,Missouri City,Texas,77489,https://www.locdnstudios.com/,LOCDN,500,,,,"29.5938109, -95.5276605",,,,,,TRUE,FALSE,FALSE,,,,,,,,,,,,,,,,,,,,,,,,,,,,,,,,,,,,
Loc's 101 Dreadlock Studio,"1105 Chicon St, Austin, TX 78702",5123187367,,Austin,Texas,78702,https://www.facebook.com/locs101studio,LOCS1,500,,,,"30.2665494, -97.7201561",,,,,,TRUE,FALSE,FALSE,,,,,,,,,,,,,,,,,,,,,,,,,,,,,,,,,,,,
Lost & Found,"160 W Gray St, Houston, TX 77019",8326493050,,Houston,Texas,77019,https://www.lostandfoundmidtown.com/,LOSTF,500,,,,"29.7534725, -95.3809497",,,,,,TRUE,FALSE,FALSE,,,,,,,,,,,,,,,,,,,,,,,,,,,,,,,,,,,,
Lubellas patisserie LLC,"10323 Ferguson Rd, Dallas, TX 75228",4699781801,,Dallas,Texas,75228,https://www.lubellaspatisserie.com/,LUBEL,500,,,,"32.8361585, -96.6726514",,,,,,TRUE,FALSE,FALSE,,,,,,,,,,,,,,,,,,,,,,,,,,,,,,,,,,,,
Lucille's,"5512 La Branch St, Houston, TX 77004",7135682505,,Houston,Texas,77004,https://www.lucilleshouston.net/,LUCIL,500,,,,"29.7238227, -95.3850641",,,,,,TRUE,FALSE,FALSE,,,,,,,,,,,,,,,,,,,,,,,,,,,,,,,,,,,,
LUX Beauty & Bridal,"10515 N Mopac Expy Ste 320, Austin, TX 78759",9033544821,,Austin,Texas,78759,http://www.luxbeautyandbridal.com/,LUXBE,500,,,,"30.391729, -97.731274",,,,,,TRUE,FALSE,FALSE,,,,,,,,,,,,,,,,,,,,,,,,,,,,,,,,,,,,
Luxe Aveda Concept Salon,"5638 Saratoga Blvd #112, Corpus Christi, TX 78414",3619915893,,Corpus Christi,Texas,78414,http://www.luxecorpuschristi.com/,LUXEA,500,,,,"27.6851399, -97.3810309",,,,,,TRUE,FALSE,FALSE,,,,,,,,,,,,,,,,,,,,,,,,,,,,,,,,,,,,
Mabel's (Food Truck),"25407 Bell Patna Dr (Fridays Only, 25407 Bell Patna Dr, Katy, TX 77494",,,Katy,Texas,77494,http://bmoremabel.com/,MABEL,500,,,,"29.7765175, -95.8134195",,,,,,TRUE,FALSE,FALSE,,,,,,,,,,,,,,,,,,,,,,,,,,,,,,,,,,,,
Mae Dayzz Studio,"3400 S Broadway Ave Ste 206, Tyler, TX 75701",8456070050,,Tyler,Texas,75701,https://maedayzz.glossgenius.com/,MAEDA,500,,,,"32.3115265, -95.3000001",,,,,,TRUE,FALSE,FALSE,,,,,,,,,,,,,,,,,,,,,,,,,,,,,,,,,,,,
Mama’z Soul Kitchen,"5903 Wellington Dr, Austin, TX 78723",5124364363,,Austin,Texas,78723,https://www.facebook.com/profile.php/?id=100063574812396,MAMAZ,500,,,,"30.3121512, -97.6878159",,,,,,TRUE,FALSE,FALSE,,,,,,,,,,,,,,,,,,,,,,,,,,,,,,,,,,,,
Mao´s Bakery,"4918 Hwy 6 N, Houston, TX 77084",2818614768,,Houston,Texas,77084,https://www.ordermaosbakery.com/,MAOSB,500,,,,"29.8475437, -95.6449166",,,,,,TRUE,FALSE,FALSE,,,,,,,,,,,,,,,,,,,,,,,,,,,,,,,,,,,,
McDonald's,"3025 Ella Blvd, Houston, TX 77018",7138611341,,Houston,Texas,77018,https://www.mcdonalds.com/us/en-us/location/TX/HOUSTON/3025-ELLA-BLVD/2001.html?cid=RF:YXT:GMB::Clicks,MCDON,500,,,,"29.8145507, -95.4299534",,,,,,TRUE,FALSE,FALSE,,,,,,,,,,,,,,,,,,,,,,,,,,,,,,,,,,,,
MeHernShe,"407 Pine Oak Dr, Athens, TX 75751",9033600183,,Athens,Texas,75751,,MEHER,500,,,,"32.1838462, -95.8638468",,,,,,TRUE,FALSE,FALSE,,,,,,,,,,,,,,,,,,,,,,,,,,,,,,,,,,,,
Meke The Salon,"1409 Botham Jean Blvd Suite 228, Dallas, TX 75215",9728036941,,Dallas,Texas,75215,https://www.mekethesalon.net/,MEKES,500,,,,"32.7669356, -96.7953464",,,,,,TRUE,FALSE,FALSE,,,,,,,,,,,,,,,,,,,,,,,,,,,,,,,,,,,,
Mendocino Farms,"3700 Mckinney Ave, Dallas, TX 75204",9729932792,,Dallas,Texas,75204,https://www.mendocinofarms.com/locations/west-village,MENDO,500,,,,"32.8081626, -96.7962717",,,,,,TRUE,FALSE,FALSE,,,,,,,,,,,,,,,,,,,,,,,,,,,,,,,,,,,,
Mesquite Street Pizza and Pasta Co.,"617 N Mesquite St, Corpus Christi, TX 78401",3618827499,,Corpus Christi,Texas,78401,http://mesquitestreet.com/,MESQU,500,,,,"27.7975748, -97.3951339",,,,,,TRUE,FALSE,FALSE,,,,,,,,,,,,,,,,,,,,,,,,,,,,,,,,,,,,
Mico's Hot Chicken,"2400 N Shepherd Dr Ste 100, Houston, TX 77008",7136894600,,Houston,Texas,77008,https://micoshotchicken.com/,MICOS,500,,,,"29.8080211, -95.4097354",,,,,,TRUE,FALSE,FALSE,,,,,,,,,,,,,,,,,,,,,,,,,,,,,,,,,,,,
Mikki's Soul Food Cafe,"10500 W Bellfort Ave #100, Houston, TX 77031",2815685115,,Houston,Texas,77031,https://mikkiscafe.com/mikkissoulfoodcafe-5bcl4r?utm_source=google,MIKKI,500,,,,"29.6538604, -95.5635374",,,,,,TRUE,FALSE,FALSE,,,,,,,,,,,,,,,,,,,,,,,,,,,,,,,,,,,,
Milan Laser Hair Removal,"4938 S Staples St Ste B-04, Corpus Christi, TX 78412",3612710546,,Corpus Christi,Texas,78412,https://milanlaser.com/locations/tx/corpus-christi/4938-s-staples-st?utm_source=gmb&utm_medium=yext,MILAN,500,,,,"27.7080789, -97.3680265",,,,,,TRUE,FALSE,FALSE,,,,,,,,,,,,,,,,,,,,,,,,,,,,,,,,,,,,
milk + honey | River Oaks,"2800 Kirby Dr A134, Houston, TX 77098",7132310250,,Houston,Texas,77098,https://milkandhoneyspa.com/?utm_source=google&utm_medium=organic&utm_campaign=gmb-listing&utm_content=river-oaks,MILKH,500,,,,"29.7415588, -95.4190932",,,,,,TRUE,FALSE,FALSE,,,,,,,,,,,,,,,,,,,,,,,,,,,,,,,,,,,,
Miss Patty's Southern Soul & Seafood Kitchen,"8330 W Bellfort Ave B, Houston, TX 77071",2815154882,,Houston,Texas,77071,http://www.misspattyskitchen.com/,MISSP,500,,,,"29.6561177, -95.5242926",,,,,,TRUE,FALSE,FALSE,,,,,,,,,,,,,,,,,,,,,,,,,,,,,,,,,,,,
Mo' Brunch + Brews,"1201 Southmore Blvd, Houston, TX 77004",8327404297,,Houston,Texas,77004,http://www.mobrunchandbrews.com/,MOBRU,500,,,,"29.7275656, -95.3853799",,,,,,TRUE,FALSE,FALSE,,,,,,,,,,,,,,,,,,,,,,,,,,,,,,,,,,,,
Mona D Coiffeur,"Located Inside Of Phenix Salon Suites, 6783 Hwy 6 N Ste 140, Houston, TX 77084",7139365508,,Houston,Texas,77084,http://www.monadco.com/,MONAD,500,,,,"29.8748706, -95.6469142",,,,,,TRUE,FALSE,FALSE,,,,,,,,,,,,,,,,,,,,,,,,,,,,,,,,,,,,
Mozzafiato,"924 S Staples St, Corpus Christi, TX 78404",3616764490,,Corpus Christi,Texas,78404,https://www.mozzafiatocc.com/,MOZZA,500,,,,"27.7825456, -97.4016339",,,,,,TRUE,FALSE,FALSE,,,,,,,,,,,,,,,,,,,,,,,,,,,,,,,,,,,,
Muse Coffee Co LLC,"5201 N Lamar Blvd, Austin, TX 78751",8443313684,,Austin,Texas,78751,http://brewedatmuse.com/,MUSEC,500,,,,"30.3196148, -97.7299577",,,,,,TRUE,FALSE,FALSE,,,,,,,,,,,,,,,,,,,,,,,,,,,,,,,,,,,,
My Salon Suite,"1507 W 18Th St, Houston, TX 77008",9367778483,,Houston,Texas,77008,https://mysalonsuite.com/heightswest?utm_source=google_business&utm_medium=search&utm_campaign=profile,MYSAL,500,,,,"29.8022814, -95.4276879",,,,,,TRUE,FALSE,FALSE,,,,,,,,,,,,,,,,,,,,,,,,,,,,,,,,,,,,
Nabulizis Alterations,"10539 Dugas Dr, San Antonio, TX 78245",8176171359,,San Antonio,Texas,78245,http://www.nabulizis.com/,NABUL,500,,,,"30.6377763637721, -96.9909804518531",,,,,,TRUE,FALSE,FALSE,,,,,,,,,,,,,,,,,,,,,,,,,,,,,,,,,,,,
Nanny Goat's Cafe & Feed Bin,"1401 Judson Rd, Longview, TX 75601",9036534801,,Longview,Texas,75601,http://www.nannygoatscafe.com/,NANNY,500,,,,"32.515959, -94.7406765",,,,,,TRUE,FALSE,FALSE,,,,,,,,,,,,,,,,,,,,,,,,,,,,,,,,,,,,
Natural Hair of Katy,"21803 Morton Rd, Katy, TX 77449",2814074372,,Katy,Texas,77449,http://naturalhairofkaty.com/,NATUR,500,,,,"29.8161491, -95.750746",,,,,,TRUE,FALSE,FALSE,,,,,,,,,,,,,,,,,,,,,,,,,,,,,,,,,,,,
Natural Resources Salon,"203 Roberts St, Houston, TX 77003",7135287102,,Houston,Texas,77003,http://www.naturalresourcessalon.com/,389W3,500,,,,"29.7504381, -95.340706",,,,,,TRUE,FALSE,FALSE,,,,,,,,,,,,,,,,,,,,,,,,,,,,,,,,,,,,
Naturally Rooted Natural Hair Salon,"11902 S Gessner Rd Studio #17, Houston, TX 77071",8326773077,,Houston,Texas,77071,https://www.instagram.com/naturallyrootedsalon?igsh=MWk5bHRldTJ3b2l4eQ%3D%3D&utm_source=qr,NWPRI,500,,,,"29.6485488, -95.5288752",,,,,,TRUE,FALSE,FALSE,,,,,,,,,,,,,,,,,,,,,,,,,,,,,,,,,,,,
NoBody’s T&K Pop up Grill and Cafe /LaTonya Smok'D Soul Food Kitchen BBQ Hole in D Wall Catering,"186 N Mill St, Gladewater, TX 75647",9034180223,,Gladewater,Texas,75647,,NOBOD,500,,,,"32.5333065, -94.9402456",,,,,,TRUE,FALSE,FALSE,,,,,,,,,,,,,,,,,,,,,,,,,,,,,,,,,,,,
"Noir Legacy Ventures, LLC","12848 Queensbury Ln Ste, 208, Houston, TX 77024",3462431611,,Houston,Texas,77024,,NOIRL,500,,,,"29.7790182, -95.5610984",,,,,,TRUE,FALSE,FALSE,,,,,,,,,,,,,,,,,,,,,,,,,,,,,,,,,,,,
Nu Cuts Hair Salon,"1406 Vermont St, Houston, TX 77006",7135247858,,Houston,Texas,77006,https://www.nucutsmontrose.com/,NUCUT,500,,,,"29.7509129, -95.3976417",,,,,,TRUE,FALSE,FALSE,,,,,,,,,,,,,,,,,,,,,,,,,,,,,,,,,,,,
Nueces Brewing and BBQ,"401 S Water St, Corpus Christi, TX 78401",3613566404,,Corpus Christi,Texas,78401,http://www.nuecesbrewing.com/,NUECE,500,,,,"27.7886294, -97.3953867",,,,,,TRUE,FALSE,FALSE,,,,,,,,,,,,,,,,,,,,,,,,,,,,,,,,,,,,
Nyam,"730 Shady Ln, Austin, TX 78702",7372313436,,Austin,Texas,78702,http://www.nyamcuisine.com/,8XZLV,500,,,,"30.2544984, -97.6970176",,,,,,TRUE,FALSE,FALSE,,,,,,,,,,,,,,,,,,,,,,,,,,,,,,,,,,,,
Nyoka Gregory Beauty,"3100 Richmond Ave, Houston, TX 77098",2819445642,,Houston,Texas,77098,https://nyokagregorybeauty.com/,NYOKA,500,,,,"29.7345029, -95.4249255",,,,,,TRUE,FALSE,FALSE,,,,,,,,,,,,,,,,,,,,,,,,,,,,,,,,,,,,
O' Taste & See Eatery,"10971 Northwest Fwy, Houston, TX 77092",2818885882,,Houston,Texas,77092,http://www.o-tasteandsee.com/,OTAST,500,,,,"29.8163567, -95.467317",,,,,,TRUE,FALSE,FALSE,,,,,,,,,,,,,,,,,,,,,,,,,,,,,,,,,,,,
Old Moon Deli,"408 23Rd St, Galveston, TX 77550",4094974446,,Galveston,Texas,77550,http://oldmoondeliandpies.com/,OLDMO,500,,,,"29.3052162, -94.7935982",,,,,,TRUE,FALSE,FALSE,,,,,,,,,,,,,,,,,,,,,,,,,,,,,,,,,,,,
On The Avenue Salon and Blowout Bar,"711 Austin Ave #1, Waco, TX 76701",2543391440,,Waco,Texas,76701,http://www.ontheavenuewaco.com/,ONAVE,500,,,,"31.555257, -97.1341",,,,,,TRUE,FALSE,FALSE,,,,,,,,,,,,,,,,,,,,,,,,,,,,,,,,,,,,
One Love Lounge Caribbean Restaurant & Lounge,"2315 S Cooper St, Arlington, TX 76015",6823234950,,Arlington,Texas,76015,https://www.oneloveloungearlington.com/,ONELO,500,,,,"32.7054074, -97.1172984",,,,,,TRUE,FALSE,FALSE,,,,,,,,,,,,,,,,,,,,,,,,,,,,,,,,,,,,
ONEE Social Restaurant (formally Fivee Bistro),"1319 Botham Jean Blvd, Dallas, TX 75215",6824988667,,Dallas,Texas,75215,http://www.oneesocial.com/,ONEES,500,,,,"32.7680192, -96.796462",,,,,,TRUE,FALSE,FALSE,,,,,,,,,,,,,,,,,,,,,,,,,,,,,,,,,,,,
Onyx Salon,"444 N Fredonia St, Longview, TX 75601",9037208738,,Longview,Texas,75601,https://www.onyxthesalon.com/,ONYXS,500,,,,"32.5000626, -94.7367887",,,,,,TRUE,FALSE,FALSE,,,,,,,,,,,,,,,,,,,,,,,,,,,,,,,,,,,,
oomi Kitchen,"3510 Ross Ave Ste 100, Dallas, TX 75204",4693720396,,Dallas,Texas,75204,http://oomikitchen.com/,OOMIK,500,,,,"32.7962347, -96.787601",,,,,,TRUE,FALSE,FALSE,,,,,,,,,,,,,,,,,,,,,,,,,,,,,,,,,,,,
Our Family Kitchen,"324 TX-35 Bus, Rockport, TX 78382",3617271111,,Rockport,Texas,78382,http://www.ourfamilykitchentogo.com/,OURFA,500,,,,"28.0247381, -97.0581358",,,,,,TRUE,FALSE,FALSE,,,,,,,,,,,,,,,,,,,,,,,,,,,,,,,,,,,,
Our Little Red One Shop,"4213 Emancipation Ave, Houston, TX 77004",3462272298,,Houston,Texas,77004,http://www.ourlittleredoneshop.com/,OURLI,500,,,,"29.727606, -95.3701776",,,,,,TRUE,FALSE,FALSE,,,,,,,,,,,,,,,,,,,,,,,,,,,,,,,,,,,,
Ovations by Vicki Lynn,"6406 N Interstate 35 Frontage Rd Ste #2300 Room #105 A, Austin, TX 78752",5122960760,,Austin,Texas,78752,https://iamvickilynn.com/,OVATI,500,,,,"30.3252472, -97.7085157",,,,,,TRUE,FALSE,FALSE,,,,,,,,,,,,,,,,,,,,,,,,,,,,,,,,,,,,
P. B.C. Tax & Financial Services Inc,"313 TX-146, Baytown, TX 77520",2818375367,,Baytown,Texas,77520,http://www.pumabusinesscreation.com/,PBCTA,500,,,,"29.7378563, -94.9937973",,,,,,TRUE,FALSE,FALSE,,,,,,,,,,,,,,,,,,,,,,,,,,,,,,,,,,,,
Pan-African Connection Bookstore Art Gallery and Resource Center,"4466 S Marsalis Ave, Dallas, TX 75216",2149438262,,Dallas,Texas,75216,https://www.panafricanconnection.com/,PANAF,500,,,,"32.6900926, -96.8135583",,,,,,TRUE,FALSE,FALSE,,,,,,,,,,,,,,,,,,,,,,,,,,,,,,,,,,,,
Park Avenue CURLS,"3900 Commerce St Ste 106, Dallas, TX 75226",4693715525,,Dallas,Texas,75226,http://www.parkavenuecurls.com/,PARKA,500,,,,"32.7846199, -96.770431",,,,,,TRUE,FALSE,FALSE,,,,,,,,,,,,,,,,,,,,,,,,,,,,,,,,,,,,
"Pat's Craft & Accessories, LLC - Boutique Veteran Owned Business","613 E Sabine St, Carthage, TX 75633",4252130362,,Carthage,Texas,75633,,PATSC,500,,,,"32.1580364, -94.3296036",,,,,,TRUE,FALSE,FALSE,,,,,,,,,,,,,,,,,,,,,,,,,,,,,,,,,,,,
Pay Per Lead Marketing Agency,"4421 S Oklahoma Ave, Brownsville, TX 78521",,,Brownsville,Texas,78521,https://www.payperlead.com/brownsville-texas,PAYPE,500,,,,"25.8704091, -97.3777389",,,,,,TRUE,FALSE,FALSE,,,,,,,,,,,,,,,,,,,,,,,,,,,,,,,,,,,,
Perfect Brow Bar,"5488 S Padre Island Dr Suite 1390, Corpus Christi, TX 78411",3614527817,,Corpus Christi,Texas,78411,https://perfectbrowbar.com/stores/la-palmera/,PERFE,500,,,,"27.7111843, -97.3716495",,,,,,TRUE,FALSE,FALSE,,,,,,,,,,,,,,,,,,,,,,,,,,,,,,,,,,,,
Pier 99 Restaurant,"2822 N Shoreline Blvd, Corpus Christi, TX 78402",3618870764,,Corpus Christi,Texas,78402,http://www.pier99restaurant.com/,PIER9,500,,,,"27.8157179, -97.3908221",,,,,,TRUE,FALSE,FALSE,,,,,,,,,,,,,,,,,,,,,,,,,,,,,,,,,,,,
Pizza Inn,"3003 N Galloway Ave, Mesquite, TX 75150",9726867861,,Mesquite,Texas,75150,https://www.pizzainn.com/locations/mesquite-tx/,PIZZA,500,,,,"32.8069098, -96.6117314",,,,,,TRUE,FALSE,FALSE,,,,,,,,,,,,,,,,,,,,,,,,,,,,,,,,,,,,
Planet Sol Salon,"4401 S Alameda St, Corpus Christi, TX 78412",3618148899,,Corpus Christi,Texas,78412,http://www.planetsolsalon.com/,PLANE,500,,,,"27.7285556, -97.3707056",,,,,,TRUE,FALSE,FALSE,,,,,,,,,,,,,,,,,,,,,,,,,,,,,,,,,,,,
PlatinumBlack,"3 Greenway Plz # 1700, Houston, TX 77046",7138748200,,Houston,Texas,77046,https://www.platinumblack.com/,PLATI,500,,,,"29.7315913, -95.4313081",,,,,,TRUE,FALSE,FALSE,,,,,,,,,,,,,,,,,,,,,,,,,,,,,,,,,,,,
Pompano's Seafood House & Oyster Bar,"4124 S Staples St, Corpus Christi, TX 78411",3612572041,,Corpus Christi,Texas,78411,https://www.pompanosseafoodhouse.com/,POMPA,500,,,,"27.7283966, -97.3799154",,,,,,TRUE,FALSE,FALSE,,,,,,,,,,,,,,,,,,,,,,,,,,,,,,,,,,,,
Portis Kountry Kitchen LLC,"213 S Chaparral St, Corpus Christi, TX 78401",3618857720,,Corpus Christi,Texas,78401,https://portis.top/,PORTI,500,,,,"27.7914697, -97.3957213",,,,,,TRUE,FALSE,FALSE,,,,,,,,,,,,,,,,,,,,,,,,,,,,,,,,,,,,
Premium Barber Company,"Salons By Jc, 940 W University Ave #105, Georgetown, TX 78626",5122691046,,Georgetown,Texas,78626,http://premiumbarbercompany.square.site/,PREMI,500,,,,"30.6310715, -97.6894225",,,,,,TRUE,FALSE,FALSE,,,,,,,,,,,,,,,,,,,,,,,,,,,,,,,,,,,,
Pressed Roots,"320 Singleton Blvd #160, Dallas, TX 75212",9787079545,,Dallas,Texas,75212,https://pressedroots.com/,PRESS,500,,,,"32.77799, -96.828764",,,,,,TRUE,FALSE,FALSE,,,,,,,,,,,,,,,,,,,,,,,,,,,,,,,,,,,,
Pressed Roots,"5000 Westheimer Rd #118, Houston, TX 77056",9787079545,,Houston,Texas,77056,https://pressedroots.com/,Z163Z,500,,,,"29.7417659, -95.4619055",,,,,,TRUE,FALSE,FALSE,,,,,,,,,,,,,,,,,,,,,,,,,,,,,,,,,,,,
Price's Chef,"1800 S Alameda St, Corpus Christi, TX 78404",3618832786,,Corpus Christi,Texas,78404,,PRICE,500,,,,"27.7727901, -97.4003585",,,,,,TRUE,FALSE,FALSE,,,,,,,,,,,,,,,,,,,,,,,,,,,,,,,,,,,,
Priscilla Kucer Consulting Solutions LLC,"5900 Balcones Dr Suite 4000, Austin, TX 78731",5122229128,,Austin,Texas,78731,http://www.drpksolutions.com/,PRISC,500,,,,"30.6379188813699, -96.9848102138118",,,,,,TRUE,FALSE,FALSE,,,,,,,,,,,,,,,,,,,,,,,,,,,,,,,,,,,,
"Proxxee LLC, Dallas Texas","2121 N Pearl St Suite 300, Dallas, TX 75201",9729002180,,Dallas,Texas,75201,http://proxxee.com/,PROXX,500,,,,"32.7909865, -96.8012125",,,,,,TRUE,FALSE,FALSE,,,,,,,,,,,,,,,,,,,,,,,,,,,,,,,,,,,,
Querisma Beauty Studio,"5203 Alpha Rd Ste 100, Room 39, Dallas, TX 75240",4698940654,,Dallas,Texas,75240,http://www.querismabeautystudio.com/,QUERI,500,,,,"32.9335001, -96.8198994",,,,,,TRUE,FALSE,FALSE,,,,,,,,,,,,,,,,,,,,,,,,,,,,,,,,,,,,
"R. Smith Consulting & Design, LLC","2828 Lemmon Ave, Apt 2C, Dallas, TX 75204",2409881445,rs@ryanesmith.com,Live Oak,Texas,78233,ryanesmith.com,RSMIT,500,,,,"29.5539561, 29.5311267",,,,,,TRUE,FALSE,FALSE,,,,,,,,,,,,,,,,,,,,,,,,,,,,,,,,,,,,
Ramen Legend,"4938 S Staples St C16, Corpus Christi, TX 78411",3617307301,,Corpus Christi,Texas,78411,http://ramenlegend.kwickmenu.com/,RAMEN,500,,,,"27.7078189, -97.3681888",,,,,,TRUE,FALSE,FALSE,,,,,,,,,,,,,,,,,,,,,,,,,,,,,,,,,,,,
Ranch Hand Cafe,"24626 TX-321, Cleveland, TX 77327",2815922545,,Cleveland,Texas,77327,https://ranchhandcafe.shop/,RANCH,500,,,,"30.320758, -95.023413",,,,,,TRUE,FALSE,FALSE,,,,,,,,,,,,,,,,,,,,,,,,,,,,,,,,,,,,
Reggae Hut,"4814 Almeda Rd, Houston, TX 77004",7135207171,,Houston,Texas,77004,http://reggaehutcafe.com/,REGGA,500,,,,"29.7265415, -95.3776855",,,,,,TRUE,FALSE,FALSE,,,,,,,,,,,,,,,,,,,,,,,,,,,,,,,,,,,,
Riot Salon,"225 E Nasa Pkwy Ste B, Webster, TX 77598",2819429485,,Webster,Texas,77598,http://www.riotsalon.com/,RIOTS,500,,,,"29.5389195, -95.1171215",,,,,,TRUE,FALSE,FALSE,,,,,,,,,,,,,,,,,,,,,,,,,,,,,,,,,,,,
Ritual Space,"1005 W Jefferson Blvd Ste 402E, Dallas, TX 75208",9728277194,,Dallas,Texas,75208,http://www.ritualspacedallas.com/,RITUA,500,,,,"32.7435418, -96.8397561",,,,,,TRUE,FALSE,FALSE,,,,,,,,,,,,,,,,,,,,,,,,,,,,,,,,,,,,
Ro’s Natural Hair Studio LLC,"2600 S Loop W #480, Houston, TX 77054",8329534247,,Houston,Texas,77054,https://rosnaturalhairstudiollc.com/,ROSNA,500,,,,"29.6785373, -95.4184572",,,,,,TRUE,FALSE,FALSE,,,,,,,,,,,,,,,,,,,,,,,,,,,,,,,,,,,,
Roaming Ronin,"2306 Airline Rd #104, Corpus Christi, TX 78414",3614624273,,Corpus Christi,Texas,78414,https://roamingronin.com/,ROAMI,500,,,,"27.6871542, -97.3628992",,,,,,TRUE,FALSE,FALSE,,,,,,,,,,,,,,,,,,,,,,,,,,,,,,,,,,,,
Robinson's Premiere Cuts,"2261 Gattis School Rd Ste 105, Round Rock, TX 78664",5125820077,,Round Rock,Texas,78664,http://www.robinsonspremierecuts.com/,ROBIN,500,,,,"30.4956523, -97.6503271",,,,,,TRUE,FALSE,FALSE,,,,,,,,,,,,,,,,,,,,,,,,,,,,,,,,,,,,
Rock-n-Headz Locs and more,"4915 Griggs Rd, Houston, TX 77021",7135856649,,Houston,Texas,77021,,ROCKN,500,,,,"29.6997744, -95.3411752",,,,,,TRUE,FALSE,FALSE,,,,,,,,,,,,,,,,,,,,,,,,,,,,,,,,,,,,
Rosati’s Pizza,"5261 Mckinney Ranch Pkwy, Mckinney, TX 75070",9725483900,,McKinney,Texas,75070,https://www.rosatispizza.com/location/mckinney-tx/,ROSAT,500,,,,"33.15879, -96.6832762",,,,,,TRUE,FALSE,FALSE,,,,,,,,,,,,,,,,,,,,,,,,,,,,,,,,,,,,
Round Rock Beauty Supply Store #1,"1200 E Palm Valley Blvd #1204, Round Rock, TX 78664",5123413900,,Round Rock,Texas,78664,https://www.facebook.com/RoundRockBeauty,ROUND,500,,,,"30.5187279, -97.6674244",,,,,,TRUE,FALSE,FALSE,,,,,,,,,,,,,,,,,,,,,,,,,,,,,,,,,,,,
"Rylet Industries, LLC","311 South St Marys St, San Antonio, TX 78205",8554795385,epowell@rylet.com,San Antonio,Texas,78205,http://https://www.rylet.com,RYLET,500,,,,"29.421865, -98.6291582",,,,,,TRUE,FALSE,FALSE,,,,,,,,,,,,,,,,,,,,,,,,,,,,,,,,,,,,
S Signature Beauty Bar LLC,"7211 Regency Square Blvd Suite 108, Houston, TX 77036",3467072141,,Houston,Texas,77036,,SSIGN,500,,,,"29.7152377, -95.5103945",,,,,,TRUE,FALSE,FALSE,,,,,,,,,,,,,,,,,,,,,,,,,,,,,,,,,,,,
Salon Meyerland - Natural and Relaxed Black Hair in Houston,"10350 S Post Oak Rd, Houston, TX 77035",7132839300,,Houston,Texas,77035,http://www.salonmeyerland.com/,SALON,500,,,,"29.668318, -95.463959",,,,,,TRUE,FALSE,FALSE,,,,,,,,,,,,,,,,,,,,,,,,,,,,,,,,,,,,
Salon Mirage and Med Spa,"3400 S Broadway Ave Ste 206, Tyler, TX 75703",9036304444,,Tyler,Texas,75703,,MBZCL,500,,,,"32.3115265, -95.3000001",,,,,,TRUE,FALSE,FALSE,,,,,,,,,,,,,,,,,,,,,,,,,,,,,,,,,,,,
SALON Per Se,"9630 Clarewood Dr Unit A-6, Houston, TX 77036",2815012516,,Houston,Texas,77036,http://www.salonperse.com/,JKSZ0,500,,,,"29.7075098, -95.5503722",,,,,,TRUE,FALSE,FALSE,,,,,,,,,,,,,,,,,,,,,,,,,,,,,,,,,,,,
Salon Rose,"1210 W Clay St Ste 19, Houston, TX 77019",7134856909,,Houston,Texas,77019,https://www.salonrose.co/?y_source=1_MjMwMTk3OTctNzE1LWxvY2F0aW9uLndlYnNpdGU%3D,P3DDB,500,,,,"29.7560036, -95.3945441",,,,,,TRUE,FALSE,FALSE,,,,,,,,,,,,,,,,,,,,,,,,,,,,,,,,,,,,
Salons by JC Katy,"24551 Katy Fwy, Katy, TX 77494",8327707108,,Katy,Texas,77494,https://salonsbyjc.com/location/texas-katy/,OK5GR,500,,,,"29.7834607, -95.7965283",,,,,,TRUE,FALSE,FALSE,,,,,,,,,,,,,,,,,,,,,,,,,,,,,,,,,,,,
Salons by JC Waco,"2814 W Loop 340 Bldg H-1, Waco, TX 76711",2543625889,,Waco,Texas,76711,https://salonsbyjc.com/location/texas-waco-central-texas-marketplace/,K6W3U,500,,,,"31.4964813, -97.152426",,,,,,TRUE,FALSE,FALSE,,,,,,,,,,,,,,,,,,,,,,,,,,,,,,,,,,,,
Saltgrass Steak House,"6729 S Padre Island Dr, Corpus Christi, TX 78412",3619857419,,Corpus Christi,Texas,78412,https://www.saltgrass.com/location/saltgrass-corpus-christi/,SALTG,500,,,,"27.6965838, -97.3500189",,,,,,TRUE,FALSE,FALSE,,,,,,,,,,,,,,,,,,,,,,,,,,,,,,,,,,,,
Sandi's Diner,"3801 S Staples St, Corpus Christi, TX 78411",3613343850,,Corpus Christi,Texas,78411,http://www.facebook.com/sandisdinerredhotblue,SANDI,500,,,,"27.7381001, -97.3876236",,,,,,TRUE,FALSE,FALSE,,,,,,,,,,,,,,,,,,,,,,,,,,,,,,,,,,,,
SBK Studios - Upscale Natural Hair Salon & Spa of Houston,"3648 Cypress Creek Pkwy, Houston, TX 77068",4247041866,,Houston,Texas,77068,http://www.sbkluxurysuites.com/,SBKST,500,,,,"29.9926707, -95.4849545",,,,,,TRUE,FALSE,FALSE,,,,,,,,,,,,,,,,,,,,,,,,,,,,,,,,,,,,
Schlotzsky's Deli,"2504 W Park Row Dr, Pantego, TX 76013",8172746601,,Pantego,Texas,76013,https://locations.schlotzskys.com/tx/pantego/2504-west-park-row?utm_source=google&utm_medium=organic&utm_campaign=locations_partner,SCHLO,500,,,,"32.720778, -97.1503779",,,,,,TRUE,FALSE,FALSE,,,,,,,,,,,,,,,,,,,,,,,,,,,,,,,,,,,,
Seafood & Spaghetti Works,"910 TX-361, Port Aransas, TX 78373",3617495666,,Port Aransas,Texas,78373,https://www.seafoodandspaghetti.com/,SEAFO,500,,,,"27.8267445, -97.0691746",,,,,,TRUE,FALSE,FALSE,,,,,,,,,,,,,,,,,,,,,,,,,,,,,,,,,,,,
Seed dynamic unisex hair salon - Weaves & Locs,"100 Central Expy Ste 43 #102, Richardson, TX 75080",4707769541,,Richardson,Texas,75080,https://seed-dynamic-unisex-hair-salon.zoca.com/?utm_source=googlemaps&utm_medium=googlemapsprofile&utm_campaign=googlemaps,SEEDD,500,,,,"32.9489663, -96.7369102",,,,,,TRUE,FALSE,FALSE,,,,,,,,,,,,,,,,,,,,,,,,,,,,,,,,,,,,
SERVPRO of Sugar Land,"740 Industrial Blvd, Sugar Land, TX 77478",2813131338,,Sugar Land,Texas,77478,https://www.servpro.com/locations/tx/servpro-of-sugar-land?utm_medium=organic&utm_source=gbp,SERVP,500,,,,"29.6377906, -95.6067122",,,,,,TRUE,FALSE,FALSE,,,,,,,,,,,,,,,,,,,,,,,,,,,,,,,,,,,,
Seven Degrees Natural Hair Salon,"4916 Main St Ste 110, Houston, TX 77002",7134293649,,Houston,Texas,77002,https://www.instagram.com/joydidit/,SEVEN,500,,,,"29.7299154, -95.3869615",,,,,,TRUE,FALSE,FALSE,,,,,,,,,,,,,,,,,,,,,,,,,,,,,,,,,,,,
She's Happy Hair,"11422 Southwest Fwy, Houston, TX 77031",2819044684,,Houston,Texas,77031,https://www.sheshappyhair.com/pages/houston-southwest,SHESH,500,,,,"29.6545477, -95.5663271",,,,,,TRUE,FALSE,FALSE,,,,,,,,,,,,,,,,,,,,,,,,,,,,,,,,,,,,
She's Happy Hair,"3280 S Loop W, Houston, TX 77025",2813824936,,Houston,Texas,77025,https://www.sheshappyhair.com/pages/houston-south,EN45X,500,,,,"29.6788139, -95.4281977",,,,,,TRUE,FALSE,FALSE,,,,,,,,,,,,,,,,,,,,,,,,,,,,,,,,,,,,
Shear Decadence Hair Salon @ La Vita Bella,"4855 Old Bullard Rd Ste 201, Tyler, TX 75703",9032459878,,Tyler,Texas,75703,https://michaelrisher.glossgenius.com/,SHEAR,500,,,,"32.2967761, -95.3060146",,,,,,TRUE,FALSE,FALSE,,,,,,,,,,,,,,,,,,,,,,,,,,,,,,,,,,,,
Shear Envy Salon,"1104 S Mays St #116, Round Rock, TX 78664",5127796032,,Round Rock,Texas,78664,http://shearenvysalonrr.com/,88IB0,500,,,,"30.4984743, -97.6764697",,,,,,TRUE,FALSE,FALSE,,,,,,,,,,,,,,,,,,,,,,,,,,,,,,,,,,,,
Sheers Hair Salon,"209 Brentwood Dr E, College Station, TX 77840",9796964144,,College Station,Texas,77840,,SHEER,500,,,,"30.6110163, -96.3100386",,,,,,TRUE,FALSE,FALSE,,,,,,,,,,,,,,,,,,,,,,,,,,,,,,,,,,,,
Shrine of The Black Madonna Cultural and Event Center,"5309 Martin Luther King Blvd, Houston, TX 77021",8324081071,,Houston,Texas,77021,https://www.thebuyblackmarketplace.com/,SHRIN,500,,,,"29.7026816, -95.3329391",,,,,,TRUE,FALSE,FALSE,,,,,,,,,,,,,,,,,,,,,,,,,,,,,,,,,,,,
Signature Clip,"901 S Amy Ln, Harker Heights, TX 76548",2543942419,,Harker Heights,Texas,76548,https://signaturelip.cloveronline.com/services/all,SIGNA,500,,,,"31.0805264, -97.6642212",,,,,,TRUE,FALSE,FALSE,,,,,,,,,,,,,,,,,,,,,,,,,,,,,,,,,,,,
Slim Chickens,"7925 S Broadway Ave #100, Tyler, TX 75703",9035617546,,Tyler,Texas,75703,https://slimchickens.com/?utm_source=google&utm_medium=organic&utm_campaign=gmb,SLIMC,500,,,,"32.261449, -95.3083086",,,,,,TRUE,FALSE,FALSE,,,,,,,,,,,,,,,,,,,,,,,,,,,,,,,,,,,,
SLT Hair Salon,"2810 Riverby Rd Ste 6-C, Houston, TX 77020",8323038622,,Houston,Texas,77020,https://slthairsalon.com/,SLTHA,500,,,,"29.7627407, -95.3411367",,,,,,TRUE,FALSE,FALSE,,,,,,,,,,,,,,,,,,,,,,,,,,,,,,,,,,,,
SmartStyle,"401 Coke St, Hillsboro, TX 76645",2545802704,,Hillsboro,Texas,76645,https://www.smartstyle.com/locations/nearme/haircut/tx/hillsboro/401-coke-st/11051,SMART,500,,,,"32.0043384, -97.0993731",,,,,,TRUE,FALSE,FALSE,,,,,,,,,,,,,,,,,,,,,,,,,,,,,,,,,,,,
Smith's Sanitation Services,"I do not have enough information to answer this query. The provided sources describe a waste management company in Tiffin, Iowa, a trash bin cleaning service in Carrollton, Texas, and a plumbing service in San Antonio, Texas, but none of these sources provide a physical address in San Antonio for Smith's Sanitation Services. To help me provide the correct answer, please provide the street address for this business.",2106874716,smithsanitation@gmail.com,San Antonio,Texas,78233,,SMITH,500,,,,"29.4121516, -98.4124976",,,,,,TRUE,FALSE,FALSE,,,,,,,,,,,,,,,,,,,,,,,,,,,,,,,,,,,,
Smoke A Holics Bbq,"1417 Evans Ave, Fort Worth, TX 76104",8173865658,,Fort Worth,Texas,76104,https://www.smoke-a-holicsbbq.com/,SMOKE,500,,,,"32.7284034, -97.3180233",,,,,,TRUE,FALSE,FALSE,,,,,,,,,,,,,,,,,,,,,,,,,,,,,,,,,,,,
"SMR Security Services, LLC","11815 IH 10 West Suite 106, San Antonio, TX 78230-1040",2103934510,sishrimp@icloud.com,San Antonio,Texas,78244,,SMRSE,500,,,,"29.5241, -98.3475253",,,,,,TRUE,FALSE,FALSE,,,,,,,,,,,,,,,,,,,,,,,,,,,,,,,,,,,,
Soirée Coffee Bar,"320 Singleton Blvd Ste 190, Dallas, TX 75212",9728509030,,Dallas,Texas,75212,http://soireecoffeebar.com/,SOIRE,500,,,,"32.7783705, -96.8291901",,,,,,TRUE,FALSE,FALSE,,,,,,,,,,,,,,,,,,,,,,,,,,,,,,,,,,,,
Something Natural Hair,"110 E Anderson Ave Ste 600, Round Rock, TX 78664",5129400718,,Round Rock,Texas,78664,http://somethingnaturalhair.com/,SOMET,500,,,,"30.5113016, -97.6791587",,,,,,TRUE,FALSE,FALSE,,,,,,,,,,,,,,,,,,,,,,,,,,,,,,,,,,,,
"Soul Crafted Success, LLC","3000 Colcord Ave, Waco, TX 76707",,,Waco,Texas,76707,http://michellespalding.com/,SOULC,500,,,,"31.5497952, -97.1675742",,,,,,TRUE,FALSE,FALSE,,,,,,,,,,,,,,,,,,,,,,,,,,,,,,,,,,,,
Souper Salad,"5822 Fairmont Pkwy, Pasadena, TX 77505",2819915645,,Pasadena,Texas,77505,https://locations.soupersalad.com/ll/US/TX/Pasadena/5822-fairmont-parkway/?ll/US/TX/Lewisville/2404-S_-Stemmons-Freeway=,SOUPE,500,,,,"29.64895, -95.1521561",,,,,,TRUE,FALSE,FALSE,,,,,,,,,,,,,,,,,,,,,,,,,,,,,,,,,,,,
Southern Hairitage & Co.,"444 S Dr M Roper Pkwy, Bullard, TX 75757",9037102222,,Bullard,Texas,75757,,SOUTH,500,,,,"32.1330198, -95.3087904",,,,,,TRUE,FALSE,FALSE,,,,,,,,,,,,,,,,,,,,,,,,,,,,,,,,,,,,
Spa Kalahari & Salon,"3001 Kalahari Blvd, Round Rock, TX 78665",5126511015,,Round Rock,Texas,78665,https://www.kalahariresorts.com/texas/things-to-do/pamper-yourself/spa-kalahari-salon/,SPAKA,500,,,,"30.5197722, -97.6335103",,,,,,TRUE,FALSE,FALSE,,,,,,,,,,,,,,,,,,,,,,,,,,,,,,,,,,,,
Spirits Heart Childcare Center,"100 Farm-To-Market Rd 78, Schertz, TX 78154",2106087953,spiritsheart.est2010@gmail.com,Converse,Texas,78109,,SPIRI,500,,,,"29.4549, -98.4231649",,,,,,TRUE,FALSE,FALSE,,,,,,,,,,,,,,,,,,,,,,,,,,,,,,,,,,,,
Spring Creek Barbeque,"6701 Lake Worth Blvd, Fort Worth, TX 76135",8172389210,,Fort Worth,Texas,76135,http://www.springcreekbarbeque.com/,SPRIN,500,,,,"32.8126824, -97.4358538",,,,,,TRUE,FALSE,FALSE,,,,,,,,,,,,,,,,,,,,,,,,,,,,,,,,,,,,
Star Beauty Supply,"2700 W Pecan St #570, Pflugerville, TX 78660",5126702694,,Pflugerville,Texas,78660,,STARB,500,,,,"30.450412, -97.6571354",,,,,,TRUE,FALSE,FALSE,,,,,,,,,,,,,,,,,,,,,,,,,,,,,,,,,,,,
Stixx Salon,"511 Lake Rd, Belton, TX 76513",2546548917,,Belton,Texas,76513,https://booksy.com/en-us/496811_stixx-salon_hair-salon_36244_temple,STIXX,500,,,,"31.0864009, -97.4675521",,,,,,TRUE,FALSE,FALSE,,,,,,,,,,,,,,,,,,,,,,,,,,,,,,,,,,,,
"Studio9 Hair Artistry, LLC","363 N Sam Houston Pkwy E, Houston, TX 77060",,,Houston,Texas,77060,http://www.bookstudio9.com/,STUDI,500,,,,"29.9417429, -95.3969654",,,,,,TRUE,FALSE,FALSE,,,,,,,,,,,,,,,,,,,,,,,,,,,,,,,,,,,,
Su's Beauty and Barber,"1420 Wells Branch Pkwy #110, Pflugerville, TX 78660",5122516000,,Pflugerville,Texas,78660,http://susbarbershop.com/,SUSBE,500,,,,"30.4412782, -97.6633098",,,,,,TRUE,FALSE,FALSE,,,,,,,,,,,,,,,,,,,,,,,,,,,,,,,,,,,,
Supercuts,"2511 N Main St #107, Belton, TX 76513",2549332787,,Belton,Texas,76513,https://www.supercuts.com/locations/nearme/haircut/tx/belton/2511-n-main-st-ste-107/81026,SUPER,500,,,,"31.0814318, -97.4549688",,,,,,TRUE,FALSE,FALSE,,,,,,,,,,,,,,,,,,,,,,,,,,,,,,,,,,,,
Supercuts,"6721 S Broadway Ave, Tyler, TX 75703",9035094242,,Tyler,Texas,75703,https://www.supercuts.com/locations/nearme/haircut/tx/tyler/6721-s-broadway-ave/80445,ILNWK,500,,,,"32.2757076, -95.3074186",,,,,,TRUE,FALSE,FALSE,,,,,,,,,,,,,,,,,,,,,,,,,,,,,,,,,,,,
Supreme Beauty Supply,"6021 N Interstate 35 Frontage Rd, Austin, TX 78723",5122916662,,Austin,Texas,78723,https://instagram.com/supremebeauty_austin?igshid=MzNlNGNkZWQ4Mg==,SUPRE,500,,,,"30.3211183, -97.7056697",,,,,,TRUE,FALSE,FALSE,,,,,,,,,,,,,,,,,,,,,,,,,,,,,,,,,,,,
Surfing Crab,"6418 S Staples St #124, Corpus Christi, TX 78413",3614149446,,Corpus Christi,Texas,78413,https://surfingcrabtx.com/,SURFI,500,,,,"27.6867333, -97.3826196",,,,,,TRUE,FALSE,FALSE,,,,,,,,,,,,,,,,,,,,,,,,,,,,,,,,,,,,
Taste Kitchen + Bar,"420 Main St, Houston, TX 77002",7134855803,,Houston,Texas,77002,https://www.tastedowntownhtx.com/,TASTE,500,,,,"29.7610459, -95.3621969",,,,,,TRUE,FALSE,FALSE,,,,,,,,,,,,,,,,,,,,,,,,,,,,,,,,,,,,
Taste of the Caribbean,"13331 Kuykendahl Rd Ste 117, Houston, TX 77090",8324796525,,Houston,Texas,77090,http://www.tasteofthecaribbeanusa.com/,7XZ3L,500,,,,"29.9780448, -95.4353298",,,,,,TRUE,FALSE,FALSE,,,,,,,,,,,,,,,,,,,,,,,,,,,,,,,,,,,,
Tax Boss Family LLC,"2100 S W S Young Dr #1544, Killeen, TX 76543",2542752020,,Killeen,Texas,76543,http://www.taxbossfamily.com/,TAXBO,500,,,,"31.0933157, -97.7184497",,,,,,TRUE,FALSE,FALSE,,,,,,,,,,,,,,,,,,,,,,,,,,,,,,,,,,,,
"Techesive, LLC","9901 W Interstate 10 Ste 800, San Antonio, TX 78230",8006825850,sales@techesive.com,San Antonio,Texas,78253,http://www.techesive.com,TECHE,500,,,,"29.4182991, -98.4231649",,,,,,TRUE,FALSE,FALSE,,,,,,,,,,,,,,,,,,,,,,,,,,,,,,,,,,,,
Texas A1 Steaks & Seafood - Portland,"407 Cedar Dr, Portland, TX 78374",3617773663,,Portland,Texas,78374,http://www.texasa1port.com/,TEXAS,500,,,,"27.8996474, -97.3095966",,,,,,TRUE,FALSE,FALSE,,,,,,,,,,,,,,,,,,,,,,,,,,,,,,,,,,,,
Texas A1 Steaks & Seafood Corpus Christi,"14241 Northwest Blvd Ste 105, Corpus Christi, TX 78410",3617673663,,Corpus Christi,Texas,78410,http://www.texasa1.com/,FVHVN,500,,,,"27.856488, -97.6462072",,,,,,TRUE,FALSE,FALSE,,,,,,,,,,,,,,,,,,,,,,,,,,,,,,,,,,,,
Texas Black Business Directory,"306 Lincoln Square, Arlington, TX 76011",8175334887,,Arlington,Texas,76011,https://www.texasblackbusinessdirectory.com/,FTW92,500,,,,"32.7581015, -97.0983632",,,,,,TRUE,FALSE,FALSE,,,,,,,,,,,,,,,,,,,,,,,,,,,,,,,,,,,,
Texas de Brazil - Tyler,"2376 Dueling Oaks Dr #100, Tyler, TX 75703",9032318885,,Tyler,Texas,75703,https://texasdebrazil.com/locations/tyler/?utm_source=gmb&utm_medium=yext&y_source=1_NDg4MzA3MzMtNzE1LWxvY2F0aW9uLndlYnNpdGU%3D,9ZLTF,500,,,,"32.2646109, -95.3421357",,,,,,TRUE,FALSE,FALSE,,,,,,,,,,,,,,,,,,,,,,,,,,,,,,,,,,,,
Texas Potions,"4833 Saratoga Blvd #195, Corpus Christi, TX 78413",3613242215,,Corpus Christi,Texas,78413,https://www.texaspotions.com/?utm_source=google&utm_medium=wix_google_business_profile&utm_campaign=12228557804909874834,KK2RW,500,,,,"27.6915789, -97.3976633",,,,,,TRUE,FALSE,FALSE,,,,,,,,,,,,,,,,,,,,,,,,,,,,,,,,,,,,
Texas WebCoders,"5221 S Broadway Ave, Tyler, TX 75703",9032226022,,Tyler,Texas,75703,https://texaswebcoders.com/,JB5MH,500,,,,"32.2920617, -95.3032391",,,,,,TRUE,FALSE,FALSE,,,,,,,,,,,,,,,,,,,,,,,,,,,,,,,,,,,,
Texas Women's Foundation,"Campbell Centre Ii, 8150 N Central Expy #110, Dallas, TX 75206",2149659977,,Dallas,Texas,75206,https://txwf.org/,VLVEK,500,,,,"32.862234, -96.7691153",,,,,,TRUE,FALSE,FALSE,,,,,,,,,,,,,,,,,,,,,,,,,,,,,,,,,,,,
"The Back Nine Golf | Tyler, TX","2467 Crow Rd Ste 200 & 300, Tyler, TX 75703",9032514653,,Tyler,Texas,75703,https://thebackninegolf.com/tylersouthtx/,BACKN,500,,,,"32.2868618, -95.3307639",,,,,,TRUE,FALSE,FALSE,,,,,,,,,,,,,,,,,,,,,,,,,,,,,,,,,,,,
"The Baker's Son - Houston, TX","8025 Main St Ste A, Houston, TX 77025",8324749688,,Houston,Texas,77025,https://thebakersonusa.com/,BAKER,500,,,,"29.6929701, -95.4146407",,,,,,TRUE,FALSE,FALSE,,,,,,,,,,,,,,,,,,,,,,,,,,,,,,,,,,,,
The Bearded Barber Barbershop,"680 W Dallas St #4, Canton, TX 75103",9033300516,,Canton,Texas,75103,https://beardedbarbercanton.com/,BEARD,500,,,,"32.5587393, -95.8682881",,,,,,TRUE,FALSE,FALSE,,,,,,,,,,,,,,,,,,,,,,,,,,,,,,,,,,,,
"The Big Bib, LLC","104 Lanark Dr, San Antonio, TX 78218",2106548400,info@thebigbib.com,San Antonio,Texas,78218,www.thebigbib.com,BIGBI,500,,,,"29.4182991, -98.4231649",,,,,,TRUE,FALSE,FALSE,,,,,,,,,,,,,,,,,,,,,,,,,,,,,,,,,,,,
The Big Tease,"809 S Main St, Winnsboro, TX 75494",9039754224,,Winnsboro,Texas,75494,,BIGTE,500,,,,"32.9481572, -95.294549",,,,,,TRUE,FALSE,FALSE,,,,,,,,,,,,,,,,,,,,,,,,,,,,,,,,,,,,
The Butcher Shop & Bakery,"102 Lehigh St, Longview, TX 75601",9037586066,,Longview,Texas,75601,https://www.butchershopbakery.com/,BUTCH,500,,,,"32.5051874, -94.7504975",,,,,,TRUE,FALSE,FALSE,,,,,,,,,,,,,,,,,,,,,,,,,,,,,,,,,,,,
The Church of Hair,"17290 Preston Rd Ste 200 A, Dallas, TX 75252",4692437333,,Dallas,Texas,75252,https://www.styleseat.com/hairchurch,CHURC,500,,,,"32.9862429, -96.8031582",,,,,,TRUE,FALSE,FALSE,,,,,,,,,,,,,,,,,,,,,,,,,,,,,,,,,,,,
The CutSmith Barbershop,"3021 S I-35 Frontage Rd, Round Rock, TX 78664",5127970958,,Round Rock,Texas,78664,http://www.roundrockbarber.com/,CUTSM,500,,,,"30.4773767, -97.6685848",,,,,,TRUE,FALSE,FALSE,,,,,,,,,,,,,,,,,,,,,,,,,,,,,,,,,,,,
The Flying Biscuit Cafe,"12389 Kingsride Ln, Houston, TX 77024",8326590618,,Houston,Texas,77024,https://flyingbiscuit.com/locations-2/memorialcity/,FLYIN,500,,,,"29.77879, -95.5470795",,,,,,TRUE,FALSE,FALSE,,,,,,,,,,,,,,,,,,,,,,,,,,,,,,,,,,,,
The Groove Steak & Lobster House,"2001 Business, Hwy 35 N Bypass, Rockport, TX 78382",3617293663,,Rockport,Texas,78382,http://www.thegrooverockport.com/,GROOV,500,,,,"28.0442131, -97.0429063",,,,,,TRUE,FALSE,FALSE,,,,,,,,,,,,,,,,,,,,,,,,,,,,,,,,,,,,
The Hair Charmer,"1811 Greenville Ave Ste 20, Dallas, TX 75206",,,Dallas,Texas,75206,http://www.thehaircharmer.com/,HAIRC,500,,,,"32.8125702, -96.7705569",,,,,,TRUE,FALSE,FALSE,,,,,,,,,,,,,,,,,,,,,,,,,,,,,,,,,,,,
The Hair Lounge,"1900 E Elms Rd Ste 105, Killeen, TX 76542",2545013930,,Killeen,Texas,76542,http://www.thehairloungectx.com/,F1ZXE,500,,,,"31.0777549, -97.7281126",,,,,,TRUE,FALSE,FALSE,,,,,,,,,,,,,,,,,,,,,,,,,,,,,,,,,,,,
The Lavish Luxe Collection,"17300 El Camino Real #110-B, Houston, TX 77058",8324318466,,Houston,Texas,77058,https://www.styleseat.com/m/v/kaiyahoward,LAVIS,500,,,,"29.55082, -95.1142396",,,,,,TRUE,FALSE,FALSE,,,,,,,,,,,,,,,,,,,,,,,,,,,,,,,,,,,,
The Loc Nest Trap,"616 Fm 1960 W, Houston, TX 77090",7134250156,,Houston,Texas,77090,http://thelocnesttrap.booksy.com/,LOCNE,500,,,,"30.0187407, -95.4391958",,,,,,TRUE,FALSE,FALSE,,,,,,,,,,,,,,,,,,,,,,,,,,,,,,,,,,,,
The Mirror and I Salon,"2000 Sam Bass Rd #102, Round Rock, TX 78681",5128528140,,Round Rock,Texas,78681,https://www.themirrorandi.com/,MIRRO,500,,,,"30.5247101, -97.7066621",,,,,,TRUE,FALSE,FALSE,,,,,,,,,,,,,,,,,,,,,,,,,,,,,,,,,,,,
The Original Railroad Seafood Station,"1507 Voss Ave, Odem, TX 78370",3613683200,,Odem,Texas,78370,https://iloverailroad.com/?utm_source=google,ORIGI,500,,,,"27.9415393, -97.5915438",,,,,,TRUE,FALSE,FALSE,,,,,,,,,,,,,,,,,,,,,,,,,,,,,,,,,,,,
The Plant Project,"2310 Routh St Ste B, Dallas, TX 75201",2147929251,,Dallas,Texas,75201,http://the-plantproject.com/,PLANT,500,,,,"32.794949, -96.7998431",,,,,,TRUE,FALSE,FALSE,,,,,,,,,,,,,,,,,,,,,,,,,,,,,,,,,,,,
The Post at Lamar Park,"411 Doddridge St #102, Corpus Christi, TX 78411",3614520907,,Corpus Christi,Texas,78411,http://www.thepostlamarpark.com/,POSTA,500,,,,"27.7446636, -97.3797136",,,,,,TRUE,FALSE,FALSE,,,,,,,,,,,,,,,,,,,,,,,,,,,,,,,,,,,,
The Prism Collective (Formerly Prism Beauty Bar),"2665 Park Ridge Drive, Tyler, TX 75703",,,Tyler,Texas,75703,http://www.theprismcollectivetx.com/,PRISM,500,,,,"32.2736526, -95.3405947",,,,,,TRUE,FALSE,FALSE,,,,,,,,,,,,,,,,,,,,,,,,,,,,,,,,,,,,
The Salon Professional Academy Georgetown,"901 N Interstate Hwy 35 #102, Georgetown, TX 78626",5128688079,,Georgetown,Texas,78626,https://www.tspageorgetown.com/,8ARD3,500,,,,"30.6357017, -97.6881292",,,,,,TRUE,FALSE,FALSE,,,,,,,,,,,,,,,,,,,,,,,,,,,,,,,,,,,,
The Upper Hand Salon: Memorial,"7951 Katy Fwy Ste F, Houston, TX 77024",7135202014,,Houston,Texas,77024,http://www.theupperhand.com/,UPPER,500,,,,"29.7824301, -95.4784846",,,,,,TRUE,FALSE,FALSE,,,,,,,,,,,,,,,,,,,,,,,,,,,,,,,,,,,,
The Way of Life Holistic Hair Haven,"2602 Isabella St Ste. A, Houston, TX 77004",8326288725,,Houston,Texas,77004,https://www.thewayoflifesalon.com/,WAYOF,500,,,,"29.7280941, -95.3672385",,,,,,TRUE,FALSE,FALSE,,,,,,,,,,,,,,,,,,,,,,,,,,,,,,,,,,,,
Tight Ends Hair Studio,"8323 Southwest Fwy #430, Houston, TX 77074",2819019352,,Houston,Texas,77074,https://tight-ends-hair-salon.square.site/,TIGHT,500,,,,"29.6879294, -95.5270361",,,,,,TRUE,FALSE,FALSE,,,,,,,,,,,,,,,,,,,,,,,,,,,,,,,,,,,,
Tim Hortons,"21811 Clay Rd, Katy, TX 77449",2812067982,,Katy,Texas,77449,https://locations.timhortons.com/tx/katy/21811-clay-rd,TIMHO,500,,,,"29.8312192, -95.7553224",,,,,,TRUE,FALSE,FALSE,,,,,,,,,,,,,,,,,,,,,,,,,,,,,,,,,,,,
Tonya Beauty,"1400 Hi Line Dr, Dallas, TX 75207",8178747662,,Dallas,Texas,75207,http://www.tonyabeauty.com/,TONYA,500,,,,"32.7949436, -96.816228",,,,,,TRUE,FALSE,FALSE,,,,,,,,,,,,,,,,,,,,,,,,,,,,,,,,,,,,
Touched By Mimi,"411 N Sam Houston Pkwy E Ste 380, Houston, TX 77060",8322337781,,Houston,Texas,77060,http://www.touchedbymimi.org/,TOUCH,500,,,,"29.9399063, -95.3940369",,,,,,TRUE,FALSE,FALSE,,,,,,,,,,,,,,,,,,,,,,,,,,,,,,,,,,,,
TransforMEtion Journey,"324 E Belt Line Rd, Desoto, TX 75115",2142864256,,DeSoto,Texas,75115,http://www.transformetionjourney.com/,TRANS,500,,,,"32.5887425, -96.8517686",,,,,,TRUE,FALSE,FALSE,,,,,,,,,,,,,,,,,,,,,,,,,,,,,,,,,,,,
Trending New Boundaries,"5409 N Jim Miller Rd Ste 209, Dallas, TX 75227",8009646114,,Dallas,Texas,75227,,TREND,500,,,,"32.7906387, -96.7007987",,,,,,TRUE,FALSE,FALSE,,,,,,,,,,,,,,,,,,,,,,,,,,,,,,,,,,,,
Trendz by Tammy Hair Salon,"3125 Rosalie St, Houston, TX 77004",7134400404,,Houston,Texas,77004,https://trendzbytammy.com/,WIQGC,500,,,,"29.7315664, -95.3566771",,,,,,TRUE,FALSE,FALSE,,,,,,,,,,,,,,,,,,,,,,,,,,,,,,,,,,,,
Tropical Smoothie Cafe,"20045 Northpark Dr Ste 200, Kingwood, TX 77339",2819738442,,Kingwood,Texas,77339,https://locations.tropicalsmoothiecafe.com/tx/kingwood/20045-northpark-dr?y_source=1_MTc3Mzk2NTktNzE1LWxvY2F0aW9uLndlYnNpdGU%3D,TROPI,500,,,,"30.069609, -95.252268",,,,,,TRUE,FALSE,FALSE,,,,,,,,,,,,,,,,,,,,,,,,,,,,,,,,,,,,
Tru Jamaica Restaurant,"937 Taylor St, Waco, TX 76704",2543049288,,Waco,Texas,76704,https://trujamaica.com/?utm_source=google,TRUJA,500,,,,"31.5688715, -97.1193557",,,,,,TRUE,FALSE,FALSE,,,,,,,,,,,,,,,,,,,,,,,,,,,,,,,,,,,,
True Textures,"3880 Greenhouse Rd 4 Ste. 416, Houston, TX 77084",8324276357,,Houston,Texas,77084,https://www.truetexturescustomwigs.com/,TRUET,500,,,,"29.8287244, -95.7028241",,,,,,TRUE,FALSE,FALSE,,,,,,,,,,,,,,,,,,,,,,,,,,,,,,,,,,,,
TUNSOUK,"920 S Harwood St #186, Dallas, TX 75201",9729033220,,Dallas,Texas,75201,http://www.tunsouk.com/,TUNSO,500,,,,"32.7773442, -96.7903114",,,,,,TRUE,FALSE,FALSE,,,,,,,,,,,,,,,,,,,,,,,,,,,,,,,,,,,,
Turkey Leg Paradise,"1715 Botham Jean Blvd, Dallas, TX 75215",4693401391,,Dallas,Texas,75215,https://turkeylegparadisedallas.com/,TURKE,500,,,,"32.7657726, -96.7930799",,,,,,TRUE,FALSE,FALSE,,,,,,,,,,,,,,,,,,,,,,,,,,,,,,,,,,,,
Twin Peaks,"5425 S Padre Island Dr, Corpus Christi, TX 78411",3619927325,,Corpus Christi,Texas,78411,https://twinpeaksrestaurant.com/locations/corpus-christi-tx,TWINP,500,,,,"27.7083453, -97.373149",,,,,,TRUE,FALSE,FALSE,,,,,,,,,,,,,,,,,,,,,,,,,,,,,,,,,,,,
Two Simple Clothing,"Grand Boys, 211 North Ervay, 211 N Ervay St 10Th Floor 100, Dallas, TX 75201",,,Dallas,Texas,75201,http://www.twosimpleclo.com/,TWOSI,500,,,,"32.7822112, -96.7975932",,,,,,TRUE,FALSE,FALSE,,,,,,,,,,,,,,,,,,,,,,,,,,,,,,,,,,,,
Ulta Beauty,"5488 S Padre Island Dr #5002, Corpus Christi, TX 78411",3619857401,,Corpus Christi,Texas,78411,https://www.ulta.com/stores/corpus-christi-tx-405,ULTAB,500,,,,"27.7106323, -97.3730108",,,,,,TRUE,FALSE,FALSE,,,,,,,,,,,,,,,,,,,,,,,,,,,,,,,,,,,,
Ulta Beauty,"1505 University Dr E Ste 250, College Station, TX 77840",9795951000,,College Station,Texas,77840,https://www.ulta.com/stores/college-station-tx-326,5KV8G,500,,,,"30.6398952, -96.3162107",,,,,,TRUE,FALSE,FALSE,,,,,,,,,,,,,,,,,,,,,,,,,,,,,,,,,,,,
United States Postal Service,"9898 Almeda Genoa Rd, Houston, TX 77075",8002758777,,Houston,Texas,77075,https://tools.usps.com/locations/details/1387931?utm_source=google-my-business-url&utm_medium=search&utm_campaign=yext,UNITE,500,,,,"29.6267855, -95.2422043",,,,,,TRUE,FALSE,FALSE,,,,,,,,,,,,,,,,,,,,,,,,,,,,,,,,,,,,
Upper Kirby Bistro,"2736 Virginia St, Houston, TX 77098",8323532336,,Houston,Texas,77098,https://www.upperkirbybistro.com/,B1236,500,,,,"29.7412459, -95.4213042",,,,,,TRUE,FALSE,FALSE,,,,,,,,,,,,,,,,,,,,,,,,,,,,,,,,,,,,
Urban Beauty,"405 E Braker Ln, Austin, TX 78753",5128386787,,Austin,Texas,78753,https://www.instagram.com/urbanbeautyatx/,URBAN,500,,,,"30.3772062, -97.6786679",,,,,,TRUE,FALSE,FALSE,,,,,,,,,,,,,,,,,,,,,,,,,,,,,,,,,,,,
Urban Stylez Fashion and Apparel,"2310 Martin Luther King Jr Blvd, Dallas, TX 75215",4695074341,,Dallas,Texas,75215,http://shopurbanstylez.com/,LX42C,500,,,,"32.764432, -96.7730844",,,,,,TRUE,FALSE,FALSE,,,,,,,,,,,,,,,,,,,,,,,,,,,,,,,,,,,,
Venerate Beauty Supply,"21922 Bellaire Blvd Ste 500, Richmond, TX 77407",8324493145,,Richmond,Texas,77407,http://www.veneratebeautysupply.com/,VENER,500,,,,"29.6929797, -95.7613024",,,,,,TRUE,FALSE,FALSE,,,,,,,,,,,,,,,,,,,,,,,,,,,,,,,,,,,,
Visible Changes (inside Baybrook Mall),"500 Baybrook Mall Ste 1328, Friendswood, TX 77546",2814869642,,Friendswood,Texas,77546,http://visiblechanges.com/,VISIB,500,,,,"29.5427012, -95.148474",,,,,,TRUE,FALSE,FALSE,,,,,,,,,,,,,,,,,,,,,,,,,,,,,,,,,,,,
Visible Changes (inside Galleria 1),"5015 Westheimer Rd #1154, Houston, TX 77056",7136277234,,Houston,Texas,77056,http://visiblechanges.com/,LJ5GM,500,,,,"29.7394825, -95.462037",,,,,,TRUE,FALSE,FALSE,,,,,,,,,,,,,,,,,,,,,,,,,,,,,,,,,,,,
Visible Changes (inside The Woodlands Mall),"1201 Lake Woodlands Dr, The Woodlands, TX 77380",2813621110,,The Woodlands,Texas,77380,http://visiblechanges.com/,T62TU,500,,,,"30.164178, -95.4540789",,,,,,TRUE,FALSE,FALSE,,,,,,,,,,,,,,,,,,,,,,,,,,,,,,,,,,,,
Walgreens,"4501 Guadalupe St Walgreens, Austin, TX 78751",5123236098,,Austin,Texas,78751,https://www.walgreens.com/locator/walgreens-4501+guadalupe+st-austin-tx-78751/id=4704,WALGR,500,,,,"30.3110187, -97.7325283",,,,,,TRUE,FALSE,FALSE,,,,,,,,,,,,,,,,,,,,,,,,,,,,,,,,,,,,
Whole Lotta Soul,"Pickup @ Expo Window, 3400 Comsouth Dr, Austin, TX 78744",7373346797,,Austin,Texas,78744,https://www.orderwholelottasoul.com/,WHOLE,500,,,,"30.21258, -97.7200951",,,,,,TRUE,FALSE,FALSE,,,,,,,,,,,,,,,,,,,,,,,,,,,,,,,,,,,,
"Williams Tunneling Industries, Inc.","16306 Cascade Caverns Ln, Houston, TX 77044",8328891468,williams_edison@yahoo.com,San Antonio,Texas,78259,www.wiltun.com,WILLI,500,,,,"29.421865, -98.4554371",,,,,,TRUE,FALSE,FALSE,,,,,,,,,,,,,,,,,,,,,,,,,,,,,,,,,,,,
"Wilson Consultants Alliance Group, LLC","1105 Chicon St, Austin, TX 78702",2106022368,fwilsonb2814@att.net,San Antonio,Texas,78258,,WILSO,500,,,,"29.6428, -98.4554371",,,,,,TRUE,FALSE,FALSE,,,,,,,,,,,,,,,,,,,,,,,,,,,,,,,,,,,,
WiNK Hair Braiding Salon,"8574 Westheimer Rd Suite A, Houston, TX 77063",8328062805,,Houston,Texas,77063,,WINKH,500,,,,"29.7380754, -95.5149234",,,,,,TRUE,FALSE,FALSE,,,,,,,,,,,,,,,,,,,,,,,,,,,,,,,,,,,,
WOW African Hair Braiding – Bissonnet,"9817 Bissonnet St Ste H, Houston, TX 77036",7133965705,,Houston,Texas,77036,https://wowhairbraiding.com/locations/bissonnet/?utm_source=google&utm_medium=organic&utm_campaign=gbp-bissonnet,WOWAF,500,,,,"29.6742184, -95.5517733",,,,,,TRUE,FALSE,FALSE,,,,,,,,,,,,,,,,,,,,,,,,,,,,,,,,,,,,
Xpress Cuts Salon,"Next Door To Dollar Tree, Richmond Square Shopping Center, 2700 Richmond Rd Ste #5, Texarkana, TX 75503",9038316598,,Texarkana,Texas,75503,http://xpresscuts.salon/,XPRES,500,,,,"33.4601531, -94.0895547",,,,,,TRUE,FALSE,FALSE,,,,,,,,,,,,,,,,,,,,,,,,,,,,,,,,,,,,
Yardarm Restaurant,"4310 Ocean Dr, Corpus Christi, TX 78412",3618558157,,Corpus Christi,Texas,78412,,YARDA,500,,,,"27.7372253, -97.36489",,,,,,TRUE,FALSE,FALSE,,,,,,,,,,,,,,,,,,,,,,,,,,,,,,,,,,,,
YOUR CHEF DRE,"200 W Commerce St Suite 103, Dallas, TX 75208",4696074174,,Dallas,Texas,75208,http://www.yourchefdre.com/,YOURC,500,,,,"32.7741897, -96.8246426",,,,,,TRUE,FALSE,FALSE,,,,,,,,,,,,,,,,,,,,,,,,,,,,,,,,,,,,
YOUR HAIR SALON,"13408 Tomball Pkwy, Houston, TX 77086",8327820152,,Houston,Texas,77086,,YOURH,500,,,,"29.9168739, -95.4877312",,,,,,TRUE,FALSE,FALSE,,,,,,,,,,,,,,,,,,,,,,,,,,,,,,,,,,,,
YOYO Barbershop,"11601 N Lamar Blvd, Austin, TX 78753",5124177583,,Austin,Texas,78753,,YOYOB,500,,,,"30.3848399, -97.6845566",,,,,,TRUE,FALSE,FALSE,,,,,,,,,,,,,,,,,,,,,,,,,,,,,,,,,,,,
Yvelise’s Hair Braiding Style LLC,"7309 Cameron Rd, Austin, TX 78752",7377085874,,Austin,Texas,78752,https://yveliseshairbraidingstyles.com/?utm_source=omg-gbp&utm_medium=webclick,YVELI,500,,,,"30.3283163, -97.690196",,,,,,TRUE,FALSE,FALSE,,,,,,,,,,,,,,,,,,,,,,,,,,,,,,,,,,,,
Zayds Naturally Natural Hair Studio,"1711 Rosewood St, Houston, TX 77004",7135266162,,Houston,Texas,77004,https://www.zaydsthebrand.com/,ZAYDS,500,,,,"29.7296351, -95.3767751",,,,,,TRUE,FALSE,FALSE,,,,,,,,,,,,,,,,,,,,,,,,,,,,,,,,,,,,
Zee Hair Braiding & Beauty Supply,"7517 Cameron Rd #118, Austin, TX 78752",5129032088,,Austin,Texas,78752,https://www.fresha.com/book-now/zee-beauty-studio-kmc628cq/all-offer?share=true&pId=2827534,ZEEHA,500,,,,"30.3295202, -97.6884713",,,,,,TRUE,FALSE,FALSE,,,,,,,,,,,,,,,,,,,,,,,,,,,,,,,,,,,,
